type,entry_price,entry_time,entry_strike,entry_btc,entry_rsi,entry_bin,entry_seconds_remaining,entry_rsi_upper,entry_rsi_lower,exit_price,exit_time,exit_btc,pnl,exit_reason,expired_itm,date,distance_bin,time_bin,volatility_bin,win,hour,entry_price_bin,rsi_bin
PUT,0.12,2025-12-31 09:25:43,88517.59,88560.2,94.16666666636249,40-80|5m-4m|10-20,257,70,30,0.0,2025-12-31 09:30:00,88560.1,-0.12,EXPIRATION,False,2025-12-31,40-80,5m-4m,10-20,False,9,0.1-0.2,90-100
CALL,0.43,2025-12-31 09:30:22,88569.97,88542.0,3.3333333333135613,20-40|15m-13m|30-40,878,65,50,0.47,2025-12-31 09:31:53,,0.03999999999999998,RSI_SIGNAL,,2025-12-31,20-40,15m-13m,30-40,True,9,0.4-0.5,0-10
PUT,0.53,2025-12-31 09:31:53,88569.97,88552.6,97.29729729714849,10-20|15m-13m|10-20,787,65,50,0.61,2025-12-31 09:34:44,,0.07999999999999996,RSI_SIGNAL,,2025-12-31,10-20,15m-13m,10-20,True,9,0.5-0.6,90-100
CALL,0.39,2025-12-31 09:34:44,88569.97,88552.2,4.411764705728146,10-20|11m-10m|0-10,616,80,35,0.47,2025-12-31 09:36:03,,0.07999999999999996,RSI_SIGNAL,,2025-12-31,10-20,11m-10m,0-10,True,9,0.3-0.4,0-10
PUT,0.53,2025-12-31 09:36:03,88569.97,88574.2,98.6725663716062,1-5|9m-8m|20-30,537,90,25,0.38,2025-12-31 09:37:07,,-0.15000000000000002,RSI_SIGNAL,,2025-12-31,1-5,9m-8m,20-30,False,9,0.5-0.6,90-100
CALL,0.62,2025-12-31 09:37:07,88569.97,88567.2,16.498316498331334,1-5|8m-7m|30-40,473,95,20,0.74,2025-12-31 09:37:46,,0.12,RSI_SIGNAL,,2025-12-31,1-5,8m-7m,30-40,True,9,0.6-0.7,10-20
PUT,0.26,2025-12-31 09:37:46,88569.97,88590.0,96.70781892986174,20-40|8m-7m|20-30,434,95,20,0.07,2025-12-31 09:40:05,,-0.19,RSI_SIGNAL,,2025-12-31,20-40,8m-7m,20-30,False,9,0.2-0.3,90-100
CALL,0.93,2025-12-31 09:40:05,88569.97,88626.2,4.040404040077405,40-80|5m-4m|20-30,295,95,5,1.0,2025-12-31 09:45:00,88616.4,0.06999999999999995,EXPIRATION,True,2025-12-31,40-80,5m-4m,20-30,True,9,0.9-1.0,0-10
PUT,0.55,2025-12-31 09:45:42,88616.4,88616.5,98.46153846166935,0-1|15m-13m|0-10,858,95,5,0.36,2025-12-31 09:49:41,,-0.19000000000000006,RSI_SIGNAL,,2025-12-31,0-1,15m-13m,0-10,False,9,0.5-0.6,90-100
CALL,0.64,2025-12-31 09:49:41,88616.4,88640.3,4.716981132079368,20-40|11m-10m|10-20,619,95,5,0.71,2025-12-31 09:51:12,,0.06999999999999995,RSI_SIGNAL,,2025-12-31,20-40,11m-10m,10-20,True,9,0.6-0.7,0-10
PUT,0.29,2025-12-31 09:51:12,88616.4,88640.0,97.22222222214587,20-40|9m-8m|20-30,528,95,5,0.04,2025-12-31 09:57:19,,-0.24999999999999997,RSI_SIGNAL,,2025-12-31,20-40,9m-8m,20-30,False,9,0.2-0.3,90-100
CALL,0.96,2025-12-31 09:57:19,88616.4,88656.3,2.34604105584863,20-40|3m-2m|30-40,161,95,10,0.97,2025-12-31 09:57:56,,0.010000000000000009,RSI_SIGNAL,,2025-12-31,20-40,3m-2m,30-40,True,9,0.9-1.0,0-10
PUT,0.03,2025-12-31 09:57:56,88616.4,88670.2,95.4248366010635,40-80|3m-2m|30-40,124,95,10,0.01,2025-12-31 09:58:35,,-0.019999999999999997,RSI_SIGNAL,,2025-12-31,40-80,3m-2m,30-40,False,9,0.0-0.1,90-100
PUT,0.55,2025-12-31 10:00:38,88630.3,88643.0,95.6834532371796,10-20|15m-13m|10-20,862,95,10,0.31,2025-12-31 10:03:19,,-0.24000000000000005,RSI_SIGNAL,,2025-12-31,10-20,15m-13m,10-20,False,10,0.5-0.6,90-100
CALL,0.69,2025-12-31 10:03:19,88630.3,88675.0,10.526315789957408,40-80|13m-11m|0-10,701,95,25,0.74,2025-12-31 10:06:40,,0.050000000000000044,RSI_SIGNAL,,2025-12-31,40-80,13m-11m,0-10,True,10,0.6-0.7,10-20
PUT,0.26,2025-12-31 10:06:40,88630.3,88697.3,98.2107355863807,40-80|9m-8m|40-60,500,95,35,0.23,2025-12-31 10:07:33,,-0.03,RSI_SIGNAL,,2025-12-31,40-80,9m-8m,40-60,False,10,0.2-0.3,90-100
CALL,0.77,2025-12-31 10:07:33,88630.3,88696.5,33.333333332409396,40-80|8m-7m|20-30,447,95,35,0.64,2025-12-31 10:08:50,,-0.13,RSI_SIGNAL,,2025-12-31,40-80,8m-7m,20-30,False,10,0.7-0.8,30-40
PUT,0.36,2025-12-31 10:08:50,88630.3,88666.6,95.96774193548671,20-40|7m-6m|40-60,370,95,35,0.0,2025-12-31 10:15:00,88767.0,-0.36,EXPIRATION,False,2025-12-31,20-40,7m-6m,40-60,False,10,0.3-0.4,90-100
PUT,0.51,2025-12-31 10:15:41,88767.0,88784.7,97.0037453182896,10-20|15m-13m|20-30,859,95,30,0.51,2025-12-31 10:17:45,,0.0,RSI_SIGNAL,,2025-12-31,10-20,15m-13m,20-30,False,10,0.5-0.6,90-100
CALL,0.49,2025-12-31 10:17:45,88767.0,88784.3,12.643678160219721,10-20|13m-11m|0-10,735,95,20,0.47,2025-12-31 10:19:02,,-0.020000000000000018,RSI_SIGNAL,,2025-12-31,10-20,13m-11m,0-10,False,10,0.4-0.5,10-20
PUT,0.53,2025-12-31 10:19:02,88767.0,88790.0,98.23321554765376,20-40|11m-10m|30-40,658,95,10,0.66,2025-12-31 10:25:42,,0.13,RSI_SIGNAL,,2025-12-31,20-40,11m-10m,30-40,True,10,0.5-0.6,90-100
CALL,0.34,2025-12-31 10:25:42,88767.0,88745.9,3.90243902459801,20-40|5m-4m|40-60,258,95,5,0.28,2025-12-31 10:27:30,,-0.06,RSI_SIGNAL,,2025-12-31,20-40,5m-4m,40-60,False,10,0.3-0.4,0-10
PUT,0.72,2025-12-31 10:27:30,88767.0,88744.1,96.69811320781687,20-40|3m-2m|30-40,150,95,5,0.9,2025-12-31 10:28:04,,0.18000000000000005,RSI_SIGNAL,,2025-12-31,20-40,3m-2m,30-40,True,10,0.7-0.8,90-100
CALL,0.1,2025-12-31 10:28:04,88767.0,88726.6,4.188481675057588,40-80|120s-90s|20-30,116,95,5,0.0,2025-12-31 10:30:00,88735.4,-0.1,EXPIRATION,False,2025-12-31,40-80,120s-90s,20-30,False,10,0.0-0.1,0-10
CALL,0.24,2025-12-31 10:33:54,88735.4,88663.0,3.6585365855606256,40-80|13m-11m|20-30,666,95,5,0.2,2025-12-31 10:34:46,,-0.03999999999999998,RSI_SIGNAL,,2025-12-31,40-80,13m-11m,20-30,False,10,0.2-0.3,0-10
PUT,0.8,2025-12-31 10:34:46,88735.4,88667.4,90.74074074029161,40-80|11m-10m|0-10,614,90,10,0.86,2025-12-31 10:36:06,,0.05999999999999994,RSI_SIGNAL,,2025-12-31,40-80,11m-10m,0-10,True,10,0.7-0.8,90-100
CALL,0.14,2025-12-31 10:36:06,88735.4,88642.0,10.248447205046133,80-160|9m-8m|20-30,534,90,15,0.01,2025-12-31 10:42:01,,-0.13,RSI_SIGNAL,,2025-12-31,80-160,9m-8m,20-30,False,10,0.1-0.2,10-20
PUT,0.5,2025-12-31 10:46:15,88722.49,88722.1,98.26989619386937,0-1|15m-13m|20-30,825,95,5,0.42,2025-12-31 10:48:48,,-0.08000000000000002,RSI_SIGNAL,,2025-12-31,0-1,15m-13m,20-30,False,10,0.4-0.5,90-100
CALL,0.58,2025-12-31 10:48:48,88722.49,88731.6,4.854368932299465,5-10|13m-11m|30-40,672,95,5,0.61,2025-12-31 10:49:41,,0.030000000000000027,RSI_SIGNAL,,2025-12-31,5-10,13m-11m,30-40,True,10,0.5-0.6,0-10
PUT,0.39,2025-12-31 10:49:41,88722.49,88740.3,95.7894736839848,10-20|11m-10m|0-10,619,95,5,0.42,2025-12-31 10:49:52,,0.02999999999999997,RSI_SIGNAL,,2025-12-31,10-20,11m-10m,0-10,True,10,0.3-0.4,90-100
CALL,0.58,2025-12-31 10:49:52,88722.49,88731.5,4.210526316015205,5-10|11m-10m|0-10,608,95,5,0.55,2025-12-31 10:50:47,,-0.029999999999999916,RSI_SIGNAL,,2025-12-31,5-10,11m-10m,0-10,False,10,0.5-0.6,0-10
PUT,0.45,2025-12-31 10:50:47,88722.49,88720.0,95.89041095895736,1-5|10m-9m|30-40,553,95,5,0.49,2025-12-31 10:51:50,,0.03999999999999998,RSI_SIGNAL,,2025-12-31,1-5,10m-9m,30-40,True,10,0.4-0.5,90-100
CALL,0.51,2025-12-31 10:51:50,88722.49,88720.0,4.70588235319093,1-5|9m-8m|10-20,490,95,5,0.28,2025-12-31 10:57:02,,-0.22999999999999998,RSI_SIGNAL,,2025-12-31,1-5,9m-8m,10-20,False,10,0.5-0.6,0-10
PUT,0.45,2025-12-31 11:04:56,88812.51,88827.5,97.0954356847152,10-20|11m-10m|40-60,604,95,5,0.23,2025-12-31 11:07:43,,-0.22,RSI_SIGNAL,,2025-12-31,10-20,11m-10m,40-60,False,11,0.4-0.5,90-100
CALL,0.77,2025-12-31 11:07:43,88812.51,88858.9,12.500000000041766,40-80|8m-7m|40-60,437,80,20,0.86,2025-12-31 11:09:26,,0.08999999999999997,RSI_SIGNAL,,2025-12-31,40-80,8m-7m,40-60,True,11,0.7-0.8,10-20
PUT,0.14,2025-12-31 11:09:26,88812.51,88880.0,92.98245614035592,40-80|6m-5m|30-40,334,70,30,0.15,2025-12-31 11:10:39,,0.009999999999999981,RSI_SIGNAL,,2025-12-31,40-80,6m-5m,30-40,True,11,0.1-0.2,90-100
CALL,0.85,2025-12-31 11:10:39,88812.51,88869.8,29.710144927510555,40-80|5m-4m|40-60,261,65,35,0.96,2025-12-31 11:11:51,,0.10999999999999999,RSI_SIGNAL,,2025-12-31,40-80,5m-4m,40-60,True,11,0.8-0.9,20-30
PUT,0.04,2025-12-31 11:11:51,88812.51,88897.5,82.50591016538175,80-160|4m-3m|40-60,189,65,35,0.01,2025-12-31 11:12:44,,-0.03,RSI_SIGNAL,,2025-12-31,80-160,4m-3m,40-60,False,11,0.0-0.1,80-90
CALL,0.95,2025-12-31 11:14:38,88812.51,88823.3,1.9047619047799316,10-20|30s-20s|60-90,22,80,35,1.0,2025-12-31 11:15:00,88832.0,0.050000000000000044,EXPIRATION,True,2025-12-31,10-20,30s-20s,60-90,True,11,0.9-1.0,0-10
CALL,0.35,2025-12-31 11:15:20,88832.55,88800.9,23.30226364849794,20-40|15m-13m|60-90,880,80,35,0.3,2025-12-31 11:17:53,,-0.04999999999999999,RSI_SIGNAL,,2025-12-31,20-40,15m-13m,60-90,False,11,0.3-0.4,20-30
PUT,0.7,2025-12-31 11:17:53,88832.55,88792.5,97.04433497534333,40-80|13m-11m|10-20,727,95,20,0.75,2025-12-31 11:20:10,,0.050000000000000044,RSI_SIGNAL,,2025-12-31,40-80,13m-11m,10-20,True,11,0.6-0.7,90-100
CALL,0.25,2025-12-31 11:20:10,88832.55,88794.1,2.5735294118063905,20-40|10m-9m|30-40,590,95,10,0.2,2025-12-31 11:22:35,,-0.04999999999999999,RSI_SIGNAL,,2025-12-31,20-40,10m-9m,30-40,False,11,0.2-0.3,0-10
PUT,0.8,2025-12-31 11:22:35,88832.55,88792.7,95.40229885093615,20-40|8m-7m|20-30,445,95,5,0.01,2025-12-31 11:28:53,,-0.79,RSI_SIGNAL,,2025-12-31,20-40,8m-7m,20-30,False,11,0.7-0.8,90-100
CALL,0.41,2025-12-31 11:36:12,88910.0,88893.8,6.976744186046503,10-20|9m-8m|60-90,528,75,25,0.42,2025-12-31 11:36:59,,0.010000000000000009,RSI_SIGNAL,,2025-12-31,10-20,9m-8m,60-90,True,11,0.4-0.5,0-10
PUT,0.58,2025-12-31 11:36:59,88910.0,88903.8,82.69230769229424,5-10|9m-8m|20-30,481,75,25,0.56,2025-12-31 11:39:11,,-0.019999999999999907,RSI_SIGNAL,,2025-12-31,5-10,9m-8m,20-30,False,11,0.5-0.6,80-90
CALL,0.44,2025-12-31 11:39:11,88910.0,88901.9,28.73345935729894,5-10|6m-5m|30-40,349,70,40,0.51,2025-12-31 11:40:00,,0.07,RSI_SIGNAL,,2025-12-31,5-10,6m-5m,30-40,True,11,0.4-0.5,20-30
PUT,0.49,2025-12-31 11:40:00,88910.0,88912.6,86.62420382169678,1-5|6m-5m|40-60,300,70,40,0.41,2025-12-31 11:40:52,,-0.08000000000000002,RSI_SIGNAL,,2025-12-31,1-5,6m-5m,40-60,False,11,0.4-0.5,80-90
CALL,0.59,2025-12-31 11:40:52,88910.0,88919.7,3.478260869575678,5-10|5m-4m|30-40,248,70,40,0.98,2025-12-31 11:43:50,,0.39,RSI_SIGNAL,,2025-12-31,5-10,5m-4m,30-40,True,11,0.5-0.6,0-10
PUT,0.04,2025-12-31 11:43:58,88910.0,88960.2,95.23809523800037,40-80|90s-60s|40-60,62,85,25,0.0,2025-12-31 11:45:00,88991.0,-0.04,EXPIRATION,False,2025-12-31,40-80,90s-60s,40-60,False,11,0.0-0.1,90-100
CALL,0.25,2025-12-31 11:49:46,88993.22,88939.7,3.9999999997858,40-80|11m-10m|20-30,614,95,5,0.14,2025-12-31 11:55:22,,-0.10999999999999999,RSI_SIGNAL,,2025-12-31,40-80,11m-10m,20-30,False,11,0.2-0.3,0-10
PUT,0.86,2025-12-31 11:55:22,88993.22,88938.1,95.45454545453042,40-80|5m-4m|10-20,278,95,5,0.89,2025-12-31 11:57:30,,0.030000000000000027,RSI_SIGNAL,,2025-12-31,40-80,5m-4m,10-20,True,11,0.8-0.9,90-100
CALL,0.11,2025-12-31 11:57:30,88993.22,88944.7,3.2863849767031894,40-80|3m-2m|10-20,150,95,5,0.02,2025-12-31 11:59:30,,-0.09,RSI_SIGNAL,,2025-12-31,40-80,3m-2m,10-20,False,11,0.1-0.2,0-10
PUT,0.61,2025-12-31 11:59:38,88993.22,88999.8,98.33610648930188,5-10|30s-20s|60-90,22,95,5,1.0,2025-12-31 12:00:00,88976.2,0.39,EXPIRATION,True,2025-12-31,5-10,30s-20s,60-90,True,11,0.6-0.7,90-100
PUT,0.71,2025-12-31 12:06:57,88983.29,88915.6,95.11568123387988,40-80|9m-8m|60-90,483,95,5,0.77,2025-12-31 12:07:32,,0.06000000000000005,RSI_SIGNAL,,2025-12-31,40-80,9m-8m,60-90,True,12,0.7-0.8,90-100
CALL,0.23,2025-12-31 12:07:32,88983.29,88911.0,7.407407407766712,40-80|8m-7m|30-40,448,90,10,0.31,2025-12-31 12:07:48,,0.07999999999999999,RSI_SIGNAL,,2025-12-31,40-80,8m-7m,30-40,True,12,0.2-0.3,0-10
PUT,0.69,2025-12-31 12:07:48,88983.29,88934.9,98.38056680152783,40-80|8m-7m|30-40,432,90,10,0.68,2025-12-31 12:10:07,,-0.009999999999999898,RSI_SIGNAL,,2025-12-31,40-80,8m-7m,30-40,False,12,0.6-0.7,90-100
CALL,0.32,2025-12-31 12:10:07,88983.29,88956.1,8.490566038155464,20-40|5m-4m|20-30,293,90,10,0.29,2025-12-31 12:11:33,,-0.030000000000000027,RSI_SIGNAL,,2025-12-31,20-40,5m-4m,20-30,False,12,0.3-0.4,0-10
PUT,0.71,2025-12-31 12:11:33,88983.29,88956.0,92.6174496642283,20-40|4m-3m|10-20,207,90,10,0.89,2025-12-31 12:12:59,,0.18000000000000005,RSI_SIGNAL,,2025-12-31,20-40,4m-3m,10-20,True,12,0.7-0.8,90-100
CALL,0.11,2025-12-31 12:12:59,88983.29,88940.0,2.281368821419008,40-80|3m-2m|30-40,121,90,10,0.0,2025-12-31 12:15:00,88918.1,-0.11,EXPIRATION,False,2025-12-31,40-80,3m-2m,30-40,False,12,0.1-0.2,0-10
PUT,0.42,2025-12-31 12:15:23,88918.1,88937.6,90.46052631569059,10-20|15m-13m|20-30,877,90,5,0.48,2025-12-31 12:15:53,,0.06,RSI_SIGNAL,,2025-12-31,10-20,15m-13m,20-30,True,12,0.4-0.5,90-100
CALL,0.52,2025-12-31 12:15:53,88918.1,88924.1,3.4482758622558265,5-10|15m-13m|20-30,847,90,5,0.75,2025-12-31 12:18:36,,0.22999999999999998,RSI_SIGNAL,,2025-12-31,5-10,15m-13m,20-30,True,12,0.5-0.6,0-10
PUT,0.25,2025-12-31 12:18:36,88918.1,88974.0,96.31336405516387,40-80|13m-11m|20-30,684,95,5,0.28,2025-12-31 12:19:04,,0.030000000000000027,RSI_SIGNAL,,2025-12-31,40-80,13m-11m,20-30,True,12,0.2-0.3,90-100
CALL,0.72,2025-12-31 12:19:04,88918.1,88956.0,4.5454545456950655,20-40|11m-10m|20-30,656,95,5,0.81,2025-12-31 12:21:05,,0.09000000000000008,RSI_SIGNAL,,2025-12-31,20-40,11m-10m,20-30,True,12,0.7-0.8,0-10
PUT,0.19,2025-12-31 12:21:05,88918.1,88967.2,97.00598802419734,40-80|9m-8m|10-20,535,95,5,0.34,2025-12-31 12:22:07,,0.15000000000000002,RSI_SIGNAL,,2025-12-31,40-80,9m-8m,10-20,True,12,0.1-0.2,90-100
CALL,0.66,2025-12-31 12:22:07,88918.1,88944.1,2.7777777777136095,20-40|8m-7m|20-30,473,95,5,0.59,2025-12-31 12:24:52,,-0.07000000000000006,RSI_SIGNAL,,2025-12-31,20-40,8m-7m,20-30,False,12,0.6-0.7,0-10
PUT,0.41,2025-12-31 12:24:52,88918.1,88928.6,97.52066115711624,10-20|6m-5m|20-30,308,95,5,0.48,2025-12-31 12:27:15,,0.07,RSI_SIGNAL,,2025-12-31,10-20,6m-5m,20-30,True,12,0.4-0.5,90-100
CALL,0.52,2025-12-31 12:27:15,88918.1,88917.7,3.5087719300126707,0-1|3m-2m|10-20,165,95,5,0.0,2025-12-31 12:30:00,88915.8,-0.52,EXPIRATION,False,2025-12-31,0-1,3m-2m,10-20,False,12,0.5-0.6,0-10
PUT,0.36,2025-12-31 12:31:03,88915.8,88943.3,96.28099173550514,20-40|15m-13m|20-30,837,95,5,0.73,2025-12-31 12:36:37,,0.37,RSI_SIGNAL,,2025-12-31,20-40,15m-13m,20-30,True,12,0.3-0.4,90-100
CALL,0.27,2025-12-31 12:36:37,88915.8,88878.0,2.777777777835311,20-40|9m-8m|40-60,503,95,5,0.0,2025-12-31 12:45:00,88804.0,-0.27,EXPIRATION,False,2025-12-31,20-40,9m-8m,40-60,False,12,0.2-0.3,0-10
CALL,0.54,2025-12-31 12:45:51,88805.73,88804.5,4.018912529481796,1-5|15m-13m|30-40,849,95,5,0.65,2025-12-31 12:47:02,,0.10999999999999999,RSI_SIGNAL,,2025-12-31,1-5,15m-13m,30-40,True,12,0.5-0.6,0-10
PUT,0.35,2025-12-31 12:47:02,88805.73,88832.8,97.40259740260353,20-40|13m-11m|40-60,778,90,5,0.43,2025-12-31 12:48:01,,0.08000000000000002,RSI_SIGNAL,,2025-12-31,20-40,13m-11m,40-60,True,12,0.3-0.4,90-100
CALL,0.57,2025-12-31 12:48:01,88805.73,88811.2,3.8297872337342653,5-10|13m-11m|20-30,719,85,5,0.56,2025-12-31 12:50:19,,-0.009999999999999898,RSI_SIGNAL,,2025-12-31,5-10,13m-11m,20-30,False,12,0.5-0.6,0-10
PUT,0.44,2025-12-31 12:50:19,88805.73,88802.9,75.75757575864478,1-5|10m-9m|10-20,581,75,5,0.75,2025-12-31 12:53:07,,0.31,RSI_SIGNAL,,2025-12-31,1-5,10m-9m,10-20,True,12,0.4-0.5,70-80
CALL,0.25,2025-12-31 12:53:07,88805.73,88755.3,4.954954955096682,40-80|7m-6m|20-30,413,90,5,0.13,2025-12-31 12:56:04,,-0.12,RSI_SIGNAL,,2025-12-31,40-80,7m-6m,20-30,False,12,0.2-0.3,0-10
PUT,0.87,2025-12-31 12:56:04,88805.73,88744.8,95.85798816545935,40-80|4m-3m|30-40,236,95,5,1.0,2025-12-31 13:00:00,88746.1,0.13,EXPIRATION,True,2025-12-31,40-80,4m-3m,30-40,True,12,0.8-0.9,90-100
PUT,0.34,2025-12-31 13:01:23,88747.42,88772.8,97.52475247538412,20-40|15m-13m|30-40,817,95,5,0.55,2025-12-31 13:02:10,,0.21000000000000002,RSI_SIGNAL,,2025-12-31,20-40,15m-13m,30-40,True,13,0.3-0.4,90-100
CALL,0.45,2025-12-31 13:02:10,88747.42,88720.0,3.1700288184005956,20-40|13m-11m|60-90,770,90,10,0.63,2025-12-31 13:03:19,,0.18,RSI_SIGNAL,,2025-12-31,20-40,13m-11m,60-90,True,13,0.4-0.5,0-10
PUT,0.37,2025-12-31 13:03:19,88747.42,88759.6,96.5299684542843,10-20|13m-11m|40-60,701,85,15,0.14,2025-12-31 13:08:08,,-0.22999999999999998,RSI_SIGNAL,,2025-12-31,10-20,13m-11m,40-60,False,13,0.3-0.4,90-100
CALL,0.86,2025-12-31 13:08:08,88747.42,88796.7,32.504780114720944,40-80|7m-6m|20-30,412,85,40,0.63,2025-12-31 13:09:37,,-0.22999999999999998,RSI_SIGNAL,,2025-12-31,40-80,7m-6m,20-30,False,13,0.8-0.9,30-40
PUT,0.37,2025-12-31 13:09:37,88747.42,88753.3,93.75000000007958,5-10|6m-5m|40-60,323,90,45,0.34,2025-12-31 13:10:10,,-0.02999999999999997,RSI_SIGNAL,,2025-12-31,5-10,6m-5m,40-60,False,13,0.3-0.4,90-100
CALL,0.66,2025-12-31 13:10:10,88747.42,88753.1,49.710982658964156,5-10|5m-4m|40-60,290,95,50,0.8,2025-12-31 13:11:00,,0.14,RSI_SIGNAL,,2025-12-31,5-10,5m-4m,40-60,True,13,0.6-0.7,40-50
PUT,0.2,2025-12-31 13:11:00,88747.42,88777.2,97.20930232562011,20-40|5m-4m|20-30,240,95,50,0.27,2025-12-31 13:11:22,,0.07,RSI_SIGNAL,,2025-12-31,20-40,5m-4m,20-30,True,13,0.1-0.2,90-100
CALL,0.73,2025-12-31 13:11:22,88747.42,88764.0,36.69724770643488,10-20|4m-3m|20-30,218,95,50,0.92,2025-12-31 13:12:28,,0.19000000000000006,RSI_SIGNAL,,2025-12-31,10-20,4m-3m,20-30,True,13,0.7-0.8,30-40
PUT,0.08,2025-12-31 13:12:28,88747.42,88776.6,96.11111111090361,20-40|3m-2m|10-20,152,95,45,0.0,2025-12-31 13:15:00,88784.3,-0.08,EXPIRATION,False,2025-12-31,20-40,3m-2m,10-20,False,13,0.0-0.1,90-100
PUT,0.41,2025-12-31 13:15:31,88790.09,88799.4,95.20958083806872,5-10|15m-13m|10-20,869,95,30,0.45,2025-12-31 13:16:15,,0.040000000000000036,RSI_SIGNAL,,2025-12-31,5-10,15m-13m,10-20,True,13,0.4-0.5,90-100
CALL,0.55,2025-12-31 13:16:15,88790.09,88773.8,2.0114942527454645,10-20|15m-13m|30-40,825,95,25,0.54,2025-12-31 13:17:01,,-0.010000000000000009,RSI_SIGNAL,,2025-12-31,10-20,15m-13m,30-40,False,13,0.5-0.6,0-10
PUT,0.46,2025-12-31 13:17:01,88790.09,88793.9,98.01324503314035,1-5|13m-11m|40-60,779,95,25,0.14,2025-12-31 13:23:29,,-0.32,RSI_SIGNAL,,2025-12-31,1-5,13m-11m,40-60,False,13,0.4-0.5,90-100
CALL,0.86,2025-12-31 13:23:29,88790.09,88821.0,2.2580645162540947,20-40|7m-6m|30-40,391,95,5,0.9,2025-12-31 13:26:25,,0.040000000000000036,RSI_SIGNAL,,2025-12-31,20-40,7m-6m,30-40,True,13,0.8-0.9,0-10
PUT,0.1,2025-12-31 13:26:25,88790.09,88829.9,95.87628865970875,20-40|4m-3m|10-20,215,95,5,0.04,2025-12-31 13:28:57,,-0.060000000000000005,RSI_SIGNAL,,2025-12-31,20-40,4m-3m,10-20,False,13,0.0-0.1,90-100
CALL,0.96,2025-12-31 13:28:57,88790.09,88812.5,1.9027484144828577,20-40|90s-60s|40-60,63,95,5,1.0,2025-12-31 13:30:00,88812.5,0.040000000000000036,EXPIRATION,True,2025-12-31,20-40,90s-60s,40-60,True,13,0.9-1.0,0-10
CALL,0.33,2025-12-31 13:30:22,88816.44,88774.2,1.7632241812822826,40-80|15m-13m|30-40,878,95,5,0.03,2025-12-31 13:40:21,,-0.30000000000000004,RSI_SIGNAL,,2025-12-31,40-80,15m-13m,30-40,False,13,0.3-0.4,0-10
PUT,0.97,2025-12-31 13:40:21,88816.44,88734.8,97.16312056722072,80-160|5m-4m|10-20,279,95,5,0.98,2025-12-31 13:41:15,,0.010000000000000009,RSI_SIGNAL,,2025-12-31,80-160,5m-4m,10-20,True,13,0.9-1.0,90-100
PUT,0.96,2025-12-31 13:42:04,88816.44,88755.5,98.56850715738328,40-80|3m-2m|40-60,176,95,5,1.0,2025-12-31 13:45:00,88764.1,0.040000000000000036,EXPIRATION,True,2025-12-31,40-80,3m-2m,40-60,True,13,0.9-1.0,90-100
PUT,0.45,2025-12-31 13:46:06,88767.82,88770.3,98.29059829050261,1-5|15m-13m|20-30,834,95,5,0.44,2025-12-31 13:47:28,,-0.010000000000000009,RSI_SIGNAL,,2025-12-31,1-5,15m-13m,20-30,False,13,0.4-0.5,90-100
CALL,0.56,2025-12-31 13:47:28,88767.82,88770.9,1.604278074880881,1-5|13m-11m|30-40,752,95,5,0.69,2025-12-31 13:48:37,,0.1299999999999999,RSI_SIGNAL,,2025-12-31,1-5,13m-11m,30-40,True,13,0.5-0.6,0-10
PUT,0.31,2025-12-31 13:48:37,88767.82,88795.3,96.21621621645006,20-40|13m-11m|20-30,683,95,5,0.0,2025-12-31 14:00:00,88968.6,-0.31,EXPIRATION,False,2025-12-31,20-40,13m-11m,20-30,False,13,0.3-0.4,90-100
CALL,0.49,2025-12-31 14:00:49,88968.6,88959.6,9.82142857126152,5-10|15m-13m|10-20,851,95,15,0.56,2025-12-31 14:01:54,,0.07000000000000006,RSI_SIGNAL,,2025-12-31,5-10,15m-13m,10-20,True,14,0.4-0.5,0-10
PUT,0.44,2025-12-31 14:01:54,88968.6,88988.9,97.2222222223657,20-40|15m-13m|30-40,786,90,20,0.48,2025-12-31 14:02:32,,0.03999999999999998,RSI_SIGNAL,,2025-12-31,20-40,15m-13m,30-40,True,14,0.4-0.5,90-100
CALL,0.52,2025-12-31 14:02:32,88968.6,88962.2,4.4217687077171774,5-10|13m-11m|30-40,748,85,25,0.67,2025-12-31 14:03:18,,0.15000000000000002,RSI_SIGNAL,,2025-12-31,5-10,13m-11m,30-40,True,14,0.5-0.6,0-10
PUT,0.33,2025-12-31 14:03:18,88968.6,89010.8,85.71428571425815,40-80|13m-11m|40-60,702,80,25,0.54,2025-12-31 14:06:53,,0.21000000000000002,RSI_SIGNAL,,2025-12-31,40-80,13m-11m,40-60,True,14,0.3-0.4,80-90
CALL,0.46,2025-12-31 14:06:53,88968.6,88953.4,21.33072407050767,10-20|9m-8m|30-40,487,80,25,0.46,2025-12-31 14:08:05,,0.0,RSI_SIGNAL,,2025-12-31,10-20,9m-8m,30-40,False,14,0.4-0.5,20-30
PUT,0.54,2025-12-31 14:08:05,88968.6,88954.0,97.70318021188659,10-20|7m-6m|60-90,415,80,15,0.0,2025-12-31 14:15:00,89111.5,-0.54,EXPIRATION,False,2025-12-31,10-20,7m-6m,60-90,False,14,0.5-0.6,90-100
PUT,0.66,2025-12-31 14:18:54,89111.6,89062.2,97.1279373369787,40-80|13m-11m|40-60,666,95,5,0.89,2025-12-31 14:22:10,,0.22999999999999998,RSI_SIGNAL,,2025-12-31,40-80,13m-11m,40-60,True,14,0.6-0.7,90-100
CALL,0.11,2025-12-31 14:22:10,89111.6,88978.1,6.282722512810182,80-160|8m-7m|10-20,470,80,20,0.03,2025-12-31 14:23:19,,-0.08,RSI_SIGNAL,,2025-12-31,80-160,8m-7m,10-20,False,14,0.1-0.2,0-10
PUT,0.97,2025-12-31 14:23:19,89111.6,88962.7,83.62068965487285,80-160|7m-6m|20-30,401,75,25,0.96,2025-12-31 14:23:56,,-0.010000000000000009,RSI_SIGNAL,,2025-12-31,80-160,7m-6m,20-30,False,14,0.9-1.0,80-90
CALL,0.04,2025-12-31 14:23:56,89111.6,88960.2,22.22222222276119,80-160|7m-6m|10-20,364,70,30,0.03,2025-12-31 14:24:39,,-0.010000000000000002,RSI_SIGNAL,,2025-12-31,80-160,7m-6m,10-20,False,14,0.0-0.1,20-30
PUT,0.97,2025-12-31 14:24:39,89111.6,88987.9,80.48245614023695,80-160|6m-5m|30-40,321,70,30,0.98,2025-12-31 14:25:52,,0.010000000000000009,RSI_SIGNAL,,2025-12-31,80-160,6m-5m,30-40,True,14,0.9-1.0,80-90
PUT,0.53,2025-12-31 14:32:44,88926.8,88905.7,72.65689798174401,20-40|13m-11m|120-240,736,70,30,0.98,2025-12-31 14:40:05,,0.44999999999999996,RSI_SIGNAL,,2025-12-31,20-40,13m-11m,120-240,True,14,0.5-0.6,70-80
CALL,0.38,2025-12-31 14:45:20,88628.4,88520.0,25.974683544305265,80-160|15m-13m|90-120,880,65,45,0.11,2025-12-31 14:49:01,,-0.27,RSI_SIGNAL,,2025-12-31,80-160,15m-13m,90-120,False,14,0.3-0.4,20-30
PUT,0.89,2025-12-31 14:49:01,88628.4,88328.4,59.13286713285807,160-320|11m-10m|90-120,659,55,25,1.0,2025-12-31 15:00:00,0.0,0.10999999999999999,EXPIRATION,True,2025-12-31,160-320,11m-10m,90-120,True,14,0.8-0.9,50-60
CALL,0.63,2025-12-31 15:52:58,87997.24,88023.1,16.146993318443734,20-40|8m-7m|60-90,422,75,20,0.48,2025-12-31 15:54:23,,-0.15000000000000002,RSI_SIGNAL,,2025-12-31,20-40,8m-7m,60-90,False,15,0.6-0.7,10-20
PUT,0.52,2025-12-31 15:54:23,87997.24,88005.2,94.85861182519203,5-10|6m-5m|40-60,337,65,25,1.0,2025-12-31 16:00:00,87907.4,0.48,EXPIRATION,True,2025-12-31,5-10,6m-5m,40-60,True,15,0.5-0.6,90-100
PUT,0.8,2025-12-31 16:11:13,87907.3,87833.0,75.80071174372682,40-80|4m-3m|30-40,227,75,5,1.0,2025-12-31 16:15:00,87870.0,0.19999999999999996,EXPIRATION,True,2025-12-31,40-80,4m-3m,30-40,True,16,0.7-0.8,70-80
PUT,0.25,2025-12-31 16:50:44,87411.4,87498.0,66.80376028201196,80-160|10m-9m|60-90,556,65,30,0.27,2025-12-31 16:51:49,,0.020000000000000018,RSI_SIGNAL,,2025-12-31,80-160,10m-9m,60-90,True,16,0.2-0.3,60-70
CALL,0.73,2025-12-31 16:51:49,87411.4,87479.3,30.122324159032914,40-80|9m-8m|60-90,491,65,35,0.85,2025-12-31 16:52:09,,0.12,RSI_SIGNAL,,2025-12-31,40-80,9m-8m,60-90,True,16,0.7-0.8,30-40
PUT,0.15,2025-12-31 16:52:09,87411.4,87538.0,72.08619000977703,80-160|8m-7m|40-60,471,65,35,0.2,2025-12-31 16:52:46,,0.05000000000000002,RSI_SIGNAL,,2025-12-31,80-160,8m-7m,40-60,True,16,0.1-0.2,70-80
CALL,0.8,2025-12-31 16:52:46,87411.4,87500.0,35.341830822725115,80-160|8m-7m|60-90,434,70,40,0.89,2025-12-31 16:54:05,,0.08999999999999997,RSI_SIGNAL,,2025-12-31,80-160,8m-7m,60-90,True,16,0.7-0.8,30-40
PUT,0.11,2025-12-31 16:54:05,87411.4,87550.0,81.57181571811803,80-160|6m-5m|60-90,355,75,40,0.13,2025-12-31 16:54:43,,0.020000000000000004,RSI_SIGNAL,,2025-12-31,80-160,6m-5m,60-90,True,16,0.1-0.2,80-90
CALL,0.87,2025-12-31 16:54:43,87411.4,87509.3,34.71385542170043,80-160|6m-5m|60-90,317,80,40,0.98,2025-12-31 16:56:53,,0.10999999999999999,RSI_SIGNAL,,2025-12-31,80-160,6m-5m,60-90,True,16,0.8-0.9,30-40
CALL,0.56,2025-12-31 17:04:18,87606.26,87616.1,10.828025477918345,5-10|11m-10m|20-30,642,95,25,0.07,2025-12-31 17:10:39,,-0.49000000000000005,RSI_SIGNAL,,2025-12-31,5-10,11m-10m,20-30,False,17,0.5-0.6,10-20
PUT,0.93,2025-12-31 17:10:39,87606.26,87493.8,71.44549763030562,80-160|5m-4m|40-60,261,65,25,1.0,2025-12-31 17:15:00,87483.5,0.06999999999999995,EXPIRATION,True,2025-12-31,80-160,5m-4m,40-60,True,17,0.9-1.0,70-80
PUT,0.43,2025-12-31 17:16:15,87483.6,87494.5,79.67097532313706,10-20|15m-13m|40-60,825,75,5,0.24,2025-12-31 17:24:07,,-0.19,RSI_SIGNAL,,2025-12-31,10-20,15m-13m,40-60,False,17,0.4-0.5,70-80
CALL,0.76,2025-12-31 17:24:07,87483.6,87545.3,3.2258064517446456,40-80|6m-5m|30-40,353,95,5,1.0,2025-12-31 17:30:00,87576.5,0.24,EXPIRATION,True,2025-12-31,40-80,6m-5m,30-40,True,17,0.7-0.8,0-10
CALL,0.67,2025-12-31 17:34:49,87576.5,87610.2,32.46187363834679,20-40|11m-10m|10-20,611,85,35,0.7,2025-12-31 17:36:22,,0.029999999999999916,RSI_SIGNAL,,2025-12-31,20-40,11m-10m,10-20,True,17,0.6-0.7,30-40
PUT,0.3,2025-12-31 17:36:22,87576.5,87614.8,78.77030162418771,20-40|9m-8m|60-90,518,75,25,0.49,2025-12-31 17:37:00,,0.19,RSI_SIGNAL,,2025-12-31,20-40,9m-8m,60-90,True,17,0.2-0.3,70-80
CALL,0.51,2025-12-31 17:37:00,87576.5,87563.2,14.265927977783448,10-20|9m-8m|60-90,480,75,25,0.38,2025-12-31 17:39:19,,-0.13,RSI_SIGNAL,,2025-12-31,10-20,9m-8m,60-90,False,17,0.5-0.6,10-20
PUT,0.62,2025-12-31 17:39:19,87576.5,87544.4,79.05759162306191,20-40|6m-5m|30-40,341,75,10,1.0,2025-12-31 17:45:00,87568.1,0.38,EXPIRATION,True,2025-12-31,20-40,6m-5m,30-40,True,17,0.6-0.7,70-80
CALL,0.4,2025-12-31 17:45:22,87574.03,87534.8,1.3605442177642857,20-40|15m-13m|40-60,878,95,5,0.75,2025-12-31 17:53:31,,0.35,RSI_SIGNAL,,2025-12-31,20-40,15m-13m,40-60,True,17,0.3-0.4,0-10
PUT,0.25,2025-12-31 17:53:31,87574.03,87615.9,97.60956175302061,40-80|7m-6m|60-90,389,95,5,0.35,2025-12-31 17:55:35,,0.09999999999999998,RSI_SIGNAL,,2025-12-31,40-80,7m-6m,60-90,True,17,0.2-0.3,90-100
CALL,0.65,2025-12-31 17:55:35,87574.03,87592.0,3.116883116698361,10-20|5m-4m|40-60,265,90,5,0.7,2025-12-31 17:59:02,,0.04999999999999993,RSI_SIGNAL,,2025-12-31,10-20,5m-4m,40-60,True,17,0.6-0.7,0-10
PUT,0.3,2025-12-31 17:59:02,87574.03,87583.5,80.54298642537154,5-10|60s-40s|10-20,58,75,5,0.2,2025-12-31 18:00:00,,-0.09999999999999998,RSI_SIGNAL,,2025-12-31,5-10,60s-40s,10-20,False,17,0.2-0.3,80-90
CALL,0.39,2025-12-31 18:00:47,87575.78,87535.1,1.5706806282624228,40-80|15m-13m|40-60,853,70,5,0.39,2025-12-31 18:01:33,,0.0,RSI_SIGNAL,,2025-12-31,40-80,15m-13m,40-60,False,18,0.3-0.4,0-10
PUT,0.61,2025-12-31 18:01:33,87575.78,87539.3,71.0037174720721,20-40|15m-13m|60-90,807,65,10,0.43,2025-12-31 18:05:24,,-0.18,RSI_SIGNAL,,2025-12-31,20-40,15m-13m,60-90,False,18,0.6-0.7,70-80
CALL,0.57,2025-12-31 18:05:24,87575.78,87594.5,23.725490196075583,10-20|10m-9m|40-60,576,70,30,0.6,2025-12-31 18:06:31,,0.030000000000000027,RSI_SIGNAL,,2025-12-31,10-20,10m-9m,40-60,True,18,0.5-0.6,20-30
PUT,0.4,2025-12-31 18:06:31,87575.78,87591.9,80.76923076882176,10-20|9m-8m|20-30,509,75,30,0.0,2025-12-31 18:15:00,87875.5,-0.4,EXPIRATION,False,2025-12-31,10-20,9m-8m,20-30,False,18,0.3-0.4,80-90
CALL,0.48,2025-12-31 18:16:57,87875.5,87880.4,25.84269662916158,1-5|15m-13m|30-40,783,95,30,0.4,2025-12-31 18:20:43,,-0.07999999999999996,RSI_SIGNAL,,2025-12-31,1-5,15m-13m,30-40,False,18,0.4-0.5,20-30
PUT,0.6,2025-12-31 18:20:43,87875.5,87841.3,83.20802005011805,20-40|10m-9m|60-90,557,75,20,0.46,2025-12-31 18:24:09,,-0.13999999999999996,RSI_SIGNAL,,2025-12-31,20-40,10m-9m,60-90,False,18,0.5-0.6,80-90
CALL,0.54,2025-12-31 18:24:09,87875.5,87878.9,2.74509803936607,1-5|6m-5m|40-60,351,60,5,0.59,2025-12-31 18:24:46,,0.04999999999999993,RSI_SIGNAL,,2025-12-31,1-5,6m-5m,40-60,True,18,0.5-0.6,0-10
PUT,0.41,2025-12-31 18:24:46,87875.5,87889.3,63.26530612244141,10-20|6m-5m|20-30,314,60,5,0.03,2025-12-31 18:29:11,,-0.38,RSI_SIGNAL,,2025-12-31,10-20,6m-5m,20-30,False,18,0.4-0.5,60-70
CALL,0.97,2025-12-31 18:29:11,87875.5,87915.8,4.41767068264619,40-80|60s-40s|20-30,49,70,5,1.0,2025-12-31 18:30:00,87900.1,0.030000000000000027,EXPIRATION,True,2025-12-31,40-80,60s-40s,20-30,True,18,0.9-1.0,0-10
CALL,0.38,2025-12-31 18:31:13,87900.0,87859.7,2.8169014086046644,40-80|15m-13m|40-60,827,80,5,0.37,2025-12-31 18:31:37,,-0.010000000000000009,RSI_SIGNAL,,2025-12-31,40-80,15m-13m,40-60,False,18,0.3-0.4,0-10
PUT,0.63,2025-12-31 18:31:37,87900.0,87866.9,90.8045977007034,20-40|15m-13m|20-30,803,80,5,0.74,2025-12-31 18:34:31,,0.10999999999999999,RSI_SIGNAL,,2025-12-31,20-40,15m-13m,20-30,True,18,0.6-0.7,90-100
CALL,0.26,2025-12-31 18:34:31,87900.0,87842.0,4.79041916176952,40-80|11m-10m|10-20,629,95,5,0.24,2025-12-31 18:36:41,,-0.020000000000000018,RSI_SIGNAL,,2025-12-31,40-80,11m-10m,10-20,False,18,0.2-0.3,0-10
PUT,0.76,2025-12-31 18:36:41,87900.0,87845.3,96.491228070033,40-80|9m-8m|20-30,499,95,5,0.94,2025-12-31 18:41:58,,0.17999999999999994,RSI_SIGNAL,,2025-12-31,40-80,9m-8m,20-30,True,18,0.7-0.8,90-100
CALL,0.06,2025-12-31 18:41:58,87900.0,87818.2,2.7027027025414867,80-160|4m-3m|30-40,182,95,5,0.03,2025-12-31 18:42:19,,-0.03,RSI_SIGNAL,,2025-12-31,80-160,4m-3m,30-40,False,18,0.0-0.1,0-10
PUT,0.97,2025-12-31 18:42:19,87900.0,87832.0,97.26027397273518,40-80|3m-2m|30-40,161,95,5,0.96,2025-12-31 18:42:46,,-0.010000000000000009,RSI_SIGNAL,,2025-12-31,40-80,3m-2m,30-40,False,18,0.9-1.0,90-100
CALL,0.04,2025-12-31 18:42:46,87900.0,87817.6,1.3513513514284057,80-160|3m-2m|10-20,134,95,5,0.0,2025-12-31 18:45:00,87828.0,-0.04,EXPIRATION,False,2025-12-31,80-160,3m-2m,10-20,False,18,0.0-0.1,0-10
PUT,0.43,2025-12-31 18:45:27,87828.0,87839.9,96.85039370061418,10-20|15m-13m|40-60,873,95,5,0.53,2025-12-31 18:46:01,,0.10000000000000003,RSI_SIGNAL,,2025-12-31,10-20,15m-13m,40-60,True,18,0.4-0.5,90-100
CALL,0.47,2025-12-31 18:46:01,87828.0,87815.7,2.362204724322382,10-20|15m-13m|20-30,839,95,5,0.01,2025-12-31 18:56:44,,-0.45999999999999996,RSI_SIGNAL,,2025-12-31,10-20,15m-13m,20-30,False,18,0.4-0.5,0-10
PUT,0.25,2025-12-31 19:00:48,87641.3,87727.5,98.99328859064221,80-160|15m-13m|60-90,852,95,5,0.16,2025-12-31 19:03:45,,-0.09,RSI_SIGNAL,,2025-12-31,80-160,15m-13m,60-90,False,19,0.2-0.3,90-100
CALL,0.84,2025-12-31 19:03:45,87641.3,87746.2,4.3750000000648015,80-160|13m-11m|30-40,675,85,20,0.84,2025-12-31 19:04:40,,0.0,RSI_SIGNAL,,2025-12-31,80-160,13m-11m,30-40,False,19,0.8-0.9,0-10
PUT,0.16,2025-12-31 19:04:40,87641.3,87736.1,93.74999999968736,80-160|11m-10m|30-40,620,85,25,0.27,2025-12-31 19:05:22,,0.11000000000000001,RSI_SIGNAL,,2025-12-31,80-160,11m-10m,30-40,True,19,0.1-0.2,90-100
CALL,0.73,2025-12-31 19:05:22,87641.3,87702.6,14.739884393048257,40-80|10m-9m|40-60,578,85,30,0.81,2025-12-31 19:07:18,,0.08000000000000007,RSI_SIGNAL,,2025-12-31,40-80,10m-9m,40-60,True,19,0.7-0.8,10-20
PUT,0.19,2025-12-31 19:07:18,87641.3,87709.2,98.44720496885638,40-80|8m-7m|30-40,462,85,30,0.05,2025-12-31 19:09:45,,-0.14,RSI_SIGNAL,,2025-12-31,40-80,8m-7m,30-40,False,19,0.1-0.2,90-100
CALL,0.95,2025-12-31 19:09:45,87641.3,87751.0,26.433121019099275,80-160|6m-5m|40-60,315,85,30,0.97,2025-12-31 19:11:15,,0.020000000000000018,RSI_SIGNAL,,2025-12-31,80-160,6m-5m,40-60,True,19,0.9-1.0,20-30
PUT,0.03,2025-12-31 19:11:15,87641.3,87784.9,98.78787878785286,80-160|4m-3m|60-90,225,95,30,0.0,2025-12-31 19:15:00,87746.0,-0.03,EXPIRATION,False,2025-12-31,80-160,4m-3m,60-90,False,19,0.0-0.1,90-100
CALL,0.58,2025-12-31 19:16:44,87746.0,87756.1,5.7142857142144265,10-20|15m-13m|10-20,796,95,20,0.5,2025-12-31 19:18:42,,-0.07999999999999996,RSI_SIGNAL,,2025-12-31,10-20,15m-13m,10-20,False,19,0.5-0.6,0-10
PUT,0.5,2025-12-31 19:18:42,87746.0,87747.1,96.96969696967024,1-5|13m-11m|20-30,678,95,10,0.48,2025-12-31 19:19:29,,-0.020000000000000018,RSI_SIGNAL,,2025-12-31,1-5,13m-11m,20-30,False,19,0.4-0.5,90-100
CALL,0.52,2025-12-31 19:19:29,87746.0,87747.0,2.222222222140786,1-5|11m-10m|20-30,631,95,5,0.59,2025-12-31 19:20:11,,0.06999999999999995,RSI_SIGNAL,,2025-12-31,1-5,11m-10m,20-30,True,19,0.5-0.6,0-10
PUT,0.41,2025-12-31 19:20:11,87746.0,87762.4,97.51552795042902,10-20|10m-9m|10-20,589,95,5,0.61,2025-12-31 19:22:01,,0.2,RSI_SIGNAL,,2025-12-31,10-20,10m-9m,10-20,True,19,0.4-0.5,90-100
CALL,0.39,2025-12-31 19:22:01,87746.0,87719.6,1.8518518519566385,20-40|8m-7m|60-90,479,95,5,0.03,2025-12-31 19:26:35,,-0.36,RSI_SIGNAL,,2025-12-31,20-40,8m-7m,60-90,False,19,0.3-0.4,0-10
PUT,0.97,2025-12-31 19:26:35,87746.0,87666.2,98.91008174388455,40-80|4m-3m|60-90,205,95,5,0.98,2025-12-31 19:29:25,,0.010000000000000009,RSI_SIGNAL,,2025-12-31,40-80,4m-3m,60-90,True,19,0.9-1.0,90-100
CALL,0.52,2025-12-31 19:30:42,87695.59,87691.3,3.448275862068968,1-5|15m-13m|20-30,858,95,5,0.29,2025-12-31 19:37:45,,-0.23000000000000004,RSI_SIGNAL,,2025-12-31,1-5,15m-13m,20-30,False,19,0.5-0.6,0-10
PUT,0.71,2025-12-31 19:37:45,87695.59,87654.9,77.32558139535965,40-80|8m-7m|20-30,435,75,5,0.84,2025-12-31 19:38:28,,0.13,RSI_SIGNAL,,2025-12-31,40-80,8m-7m,20-30,True,19,0.7-0.8,70-80
CALL,0.16,2025-12-31 19:38:28,87695.59,87611.2,2.8077753780055303,80-160|7m-6m|40-60,392,75,5,0.09,2025-12-31 19:39:37,,-0.07,RSI_SIGNAL,,2025-12-31,80-160,7m-6m,40-60,False,19,0.1-0.2,0-10
PUT,0.91,2025-12-31 19:39:37,87695.59,87612.7,97.37991266361061,80-160|6m-5m|30-40,323,75,5,0.94,2025-12-31 19:40:16,,0.029999999999999916,RSI_SIGNAL,,2025-12-31,80-160,6m-5m,30-40,True,19,0.9-1.0,90-100
CALL,0.06,2025-12-31 19:40:16,87695.59,87598.0,1.6574585636291914,80-160|5m-4m|20-30,284,75,5,0.15,2025-12-31 19:40:45,,0.09,RSI_SIGNAL,,2025-12-31,80-160,5m-4m,20-30,True,19,0.0-0.1,0-10
PUT,0.85,2025-12-31 19:40:45,87695.59,87647.2,86.63194444439195,40-80|5m-4m|40-60,255,75,5,0.96,2025-12-31 19:42:57,,0.10999999999999999,RSI_SIGNAL,,2025-12-31,40-80,5m-4m,40-60,True,19,0.8-0.9,80-90
CALL,0.04,2025-12-31 19:42:57,87695.59,87642.7,4.7904191616928244,40-80|3m-2m|30-40,123,75,5,0.0,2025-12-31 19:45:00,87603.5,-0.04,EXPIRATION,False,2025-12-31,40-80,3m-2m,30-40,False,19,0.0-0.1,0-10
PUT,0.45,2025-12-31 19:45:44,87603.5,87606.8,83.96624472577571,1-5|15m-13m|10-20,856,75,5,0.5,2025-12-31 19:46:14,,0.04999999999999999,RSI_SIGNAL,,2025-12-31,1-5,15m-13m,10-20,True,19,0.4-0.5,80-90
CALL,0.5,2025-12-31 19:46:14,87603.5,87594.8,3.1249999999573674,5-10|15m-13m|10-20,826,80,5,0.61,2025-12-31 19:46:42,,0.10999999999999999,RSI_SIGNAL,,2025-12-31,5-10,15m-13m,10-20,True,19,0.4-0.5,0-10
PUT,0.39,2025-12-31 19:46:42,87603.5,87623.1,98.62542955318693,10-20|15m-13m|20-30,798,80,5,0.5,2025-12-31 19:47:31,,0.10999999999999999,RSI_SIGNAL,,2025-12-31,10-20,15m-13m,20-30,True,19,0.3-0.4,90-100
CALL,0.5,2025-12-31 19:47:31,87603.5,87597.1,0.23696682465826768,5-10|13m-11m|40-60,749,85,5,0.66,2025-12-31 19:48:13,,0.16000000000000003,RSI_SIGNAL,,2025-12-31,5-10,13m-11m,40-60,True,19,0.4-0.5,0-10
PUT,0.34,2025-12-31 19:48:13,87603.5,87635.6,99.66887417216628,20-40|13m-11m|40-60,707,90,5,0.29,2025-12-31 19:49:49,,-0.050000000000000044,RSI_SIGNAL,,2025-12-31,20-40,13m-11m,40-60,False,19,0.3-0.4,90-100
CALL,0.71,2025-12-31 19:49:49,87603.5,87644.8,2.469135802606644,40-80|11m-10m|20-30,611,95,5,0.72,2025-12-31 19:51:49,,0.010000000000000009,RSI_SIGNAL,,2025-12-31,40-80,11m-10m,20-30,True,19,0.7-0.8,0-10
PUT,0.28,2025-12-31 19:51:49,87603.5,87635.4,96.83544303788608,20-40|9m-8m|10-20,491,95,5,0.44,2025-12-31 19:53:26,,0.15999999999999998,RSI_SIGNAL,,2025-12-31,20-40,9m-8m,10-20,True,19,0.2-0.3,90-100
CALL,0.55,2025-12-31 19:53:26,87603.5,87605.8,2.734375000150777,1-5|7m-6m|30-40,394,95,5,0.06,2025-12-31 19:57:35,,-0.49000000000000005,RSI_SIGNAL,,2025-12-31,1-5,7m-6m,30-40,False,19,0.5-0.6,0-10
PUT,0.94,2025-12-31 19:57:35,87603.5,87540.0,97.03703703707696,40-80|3m-2m|10-20,145,95,5,0.99,2025-12-31 20:00:00,,0.050000000000000044,RSI_SIGNAL,,2025-12-31,40-80,3m-2m,10-20,True,19,0.9-1.0,90-100
PUT,0.47,2025-12-31 20:01:40,87500.1,87494.3,95.7446808510265,5-10|15m-13m|40-60,800,95,5,0.86,2025-12-31 20:08:05,,0.39,RSI_SIGNAL,,2025-12-31,5-10,15m-13m,40-60,True,20,0.4-0.5,90-100
CALL,0.14,2025-12-31 20:08:05,87500.1,87403.0,19.696969696829385,80-160|7m-6m|20-30,415,65,35,0.15,2025-12-31 20:08:49,,0.009999999999999981,RSI_SIGNAL,,2025-12-31,80-160,7m-6m,20-30,True,20,0.1-0.2,10-20
PUT,0.85,2025-12-31 20:08:49,87500.1,87424.4,69.18238993710058,40-80|7m-6m|20-30,371,65,35,0.92,2025-12-31 20:10:07,,0.07000000000000006,RSI_SIGNAL,,2025-12-31,40-80,7m-6m,20-30,True,20,0.8-0.9,60-70
CALL,0.08,2025-12-31 20:10:07,87500.1,87410.7,18.532818532929596,80-160|5m-4m|10-20,293,70,35,0.02,2025-12-31 20:11:12,,-0.06,RSI_SIGNAL,,2025-12-31,80-160,5m-4m,10-20,False,20,0.0-0.1,10-20
PUT,0.97,2025-12-31 20:11:16,87500.1,87401.9,95.0549450546841,80-160|4m-3m|40-60,224,75,30,0.98,2025-12-31 20:13:07,,0.010000000000000009,RSI_SIGNAL,,2025-12-31,80-160,4m-3m,40-60,True,20,0.9-1.0,90-100
CALL,0.43,2025-12-31 20:16:28,87507.9,87473.7,1.5789473685099296,20-40|15m-13m|30-40,812,95,5,0.49,2025-12-31 20:17:49,,0.06,RSI_SIGNAL,,2025-12-31,20-40,15m-13m,30-40,True,20,0.4-0.5,0-10
PUT,0.51,2025-12-31 20:17:49,87507.9,87495.9,96.20253164570485,10-20|13m-11m|30-40,731,95,5,0.54,2025-12-31 20:17:59,,0.030000000000000027,RSI_SIGNAL,,2025-12-31,10-20,13m-11m,30-40,True,20,0.5-0.6,90-100
CALL,0.46,2025-12-31 20:17:59,87507.9,87481.8,2.6845637582614614,20-40|13m-11m|20-30,721,95,5,0.15,2025-12-31 20:22:42,,-0.31000000000000005,RSI_SIGNAL,,2025-12-31,20-40,13m-11m,20-30,False,20,0.4-0.5,0-10
PUT,0.85,2025-12-31 20:22:42,87507.9,87423.3,97.540983606421,80-160|8m-7m|20-30,438,95,5,0.78,2025-12-31 20:24:37,,-0.06999999999999995,RSI_SIGNAL,,2025-12-31,80-160,8m-7m,20-30,False,20,0.8-0.9,90-100
CALL,0.22,2025-12-31 20:24:37,87507.9,87453.0,3.6036036033107024,40-80|6m-5m|20-30,323,95,5,0.01,2025-12-31 20:29:37,,-0.21,RSI_SIGNAL,,2025-12-31,40-80,6m-5m,20-30,False,20,0.2-0.3,0-10
PUT,0.27,2025-12-31 20:32:44,87448.25,87499.9,97.89029535861033,40-80|13m-11m|60-90,736,90,5,0.53,2025-12-31 20:33:29,,0.26,RSI_SIGNAL,,2025-12-31,40-80,13m-11m,60-90,True,20,0.2-0.3,90-100
CALL,0.47,2025-12-31 20:33:29,87448.25,87435.9,2.8023598820180666,10-20|13m-11m|60-90,691,90,5,0.03,2025-12-31 20:39:29,,-0.43999999999999995,RSI_SIGNAL,,2025-12-31,10-20,13m-11m,60-90,False,20,0.4-0.5,0-10
PUT,0.97,2025-12-31 20:39:29,87448.25,87302.4,93.42105263166083,80-160|6m-5m|30-40,331,80,5,1.0,2025-12-31 20:45:00,87396.8,0.030000000000000027,EXPIRATION,True,2025-12-31,80-160,6m-5m,30-40,True,20,0.9-1.0,90-100
PUT,0.49,2025-12-31 20:46:08,87396.7,87381.9,98.45679012354357,10-20|15m-13m|40-60,832,90,5,0.6,2025-12-31 20:49:40,,0.10999999999999999,RSI_SIGNAL,,2025-12-31,10-20,15m-13m,40-60,True,20,0.4-0.5,90-100
CALL,0.4,2025-12-31 20:49:40,87396.7,87347.0,3.1250000001705445,40-80|11m-10m|30-40,620,95,5,0.6,2025-12-31 20:52:19,,0.19999999999999996,RSI_SIGNAL,,2025-12-31,40-80,11m-10m,30-40,True,20,0.3-0.4,0-10
PUT,0.4,2025-12-31 20:52:19,87396.7,87423.5,99.49152542369947,20-40|8m-7m|40-60,461,95,5,0.02,2025-12-31 20:56:43,,-0.38,RSI_SIGNAL,,2025-12-31,20-40,8m-7m,40-60,False,20,0.3-0.4,90-100
PUT,0.4,2025-12-31 21:01:07,87624.79,87670.6,96.4157706095138,40-80|15m-13m|40-60,833,95,5,0.44,2025-12-31 21:02:00,,0.03999999999999998,RSI_SIGNAL,,2025-12-31,40-80,15m-13m,40-60,True,21,0.3-0.4,90-100
CALL,0.56,2025-12-31 21:02:00,87624.79,87645.8,3.5156249999784563,20-40|15m-13m|20-30,780,95,5,0.74,2025-12-31 21:03:31,,0.17999999999999994,RSI_SIGNAL,,2025-12-31,20-40,15m-13m,20-30,True,21,0.5-0.6,0-10
PUT,0.26,2025-12-31 21:03:31,87624.79,87705.0,92.1568627447176,80-160|13m-11m|30-40,689,85,15,0.3,2025-12-31 21:04:24,,0.03999999999999998,RSI_SIGNAL,,2025-12-31,80-160,13m-11m,30-40,True,21,0.2-0.3,90-100
CALL,0.7,2025-12-31 21:04:24,87624.79,87682.2,19.607843137231782,40-80|11m-10m|40-60,636,80,20,0.8,2025-12-31 21:05:08,,0.10000000000000009,RSI_SIGNAL,,2025-12-31,40-80,11m-10m,40-60,True,21,0.6-0.7,10-20
PUT,0.2,2025-12-31 21:05:08,87624.79,87717.3,84.26791277254839,80-160|10m-9m|40-60,592,75,20,0.11,2025-12-31 21:07:32,,-0.09000000000000001,RSI_SIGNAL,,2025-12-31,80-160,10m-9m,40-60,False,21,0.1-0.2,80-90
CALL,0.89,2025-12-31 21:07:32,87624.79,87740.3,5.555555555727736,80-160|8m-7m|10-20,448,80,20,0.91,2025-12-31 21:12:01,,0.020000000000000018,RSI_SIGNAL,,2025-12-31,80-160,8m-7m,10-20,True,21,0.8-0.9,0-10
PUT,0.09,2025-12-31 21:12:01,87624.79,87692.7,99.29577464794795,40-80|3m-2m|30-40,179,95,5,0.0,2025-12-31 21:15:00,87710.2,-0.09,EXPIRATION,False,2025-12-31,40-80,3m-2m,30-40,False,21,0.0-0.1,90-100
CALL,0.38,2025-12-31 21:15:22,87710.2,87687.8,3.7190082644970914,20-40|15m-13m|20-30,878,95,5,0.37,2025-12-31 21:16:52,,-0.010000000000000009,RSI_SIGNAL,,2025-12-31,20-40,15m-13m,20-30,False,21,0.3-0.4,0-10
PUT,0.63,2025-12-31 21:16:52,87710.2,87680.0,96.07843137233642,20-40|15m-13m|0-10,788,95,5,0.53,2025-12-31 21:24:42,,-0.09999999999999998,RSI_SIGNAL,,2025-12-31,20-40,15m-13m,0-10,False,21,0.6-0.7,90-100
CALL,0.47,2025-12-31 21:24:42,87710.2,87705.7,0.9523809524350639,1-5|6m-5m|30-40,318,95,5,0.61,2025-12-31 21:26:20,,0.14,RSI_SIGNAL,,2025-12-31,1-5,6m-5m,30-40,True,21,0.4-0.5,0-10
PUT,0.39,2025-12-31 21:26:20,87710.2,87720.7,98.19819819809662,10-20|4m-3m|10-20,220,95,5,0.0,2025-12-31 21:30:00,87722.3,-0.39,EXPIRATION,False,2025-12-31,10-20,4m-3m,10-20,False,21,0.3-0.4,90-100
PUT,0.48,2025-12-31 21:31:31,87723.08,87737.3,95.62043795597178,10-20|15m-13m|10-20,809,95,10,0.49,2025-12-31 21:32:01,,0.010000000000000009,RSI_SIGNAL,,2025-12-31,10-20,15m-13m,10-20,True,21,0.4-0.5,90-100
CALL,0.51,2025-12-31 21:32:01,87723.08,87733.3,8.51063829829394,10-20|13m-11m|10-20,779,95,10,0.68,2025-12-31 21:33:44,,0.17000000000000004,RSI_SIGNAL,,2025-12-31,10-20,13m-11m,10-20,True,21,0.5-0.6,0-10
PUT,0.32,2025-12-31 21:33:44,87723.08,87759.9,97.93814432992474,20-40|13m-11m|10-20,676,95,15,0.23,2025-12-31 21:37:36,,-0.09,RSI_SIGNAL,,2025-12-31,20-40,13m-11m,10-20,False,21,0.3-0.4,90-100
CALL,0.77,2025-12-31 21:37:36,87723.08,87759.4,12.698412698768351,20-40|8m-7m|0-10,444,95,15,0.93,2025-12-31 21:38:42,,0.16000000000000003,RSI_SIGNAL,,2025-12-31,20-40,8m-7m,0-10,True,21,0.7-0.8,10-20
PUT,0.07,2025-12-31 21:38:42,87723.08,87791.1,97.46376811585301,40-80|7m-6m|30-40,378,95,15,0.08,2025-12-31 21:39:42,,0.009999999999999995,RSI_SIGNAL,,2025-12-31,40-80,7m-6m,30-40,True,21,0.0-0.1,90-100
CALL,0.92,2025-12-31 21:39:42,87723.08,87789.5,5.6680161942846325,40-80|6m-5m|60-90,318,95,15,1.0,2025-12-31 21:45:00,87777.0,0.07999999999999996,EXPIRATION,True,2025-12-31,40-80,6m-5m,60-90,True,21,0.9-1.0,0-10
PUT,0.53,2025-12-31 21:46:28,87778.05,87782.2,95.83333333352913,1-5|15m-13m|0-10,812,95,5,0.53,2025-12-31 21:48:21,,0.0,RSI_SIGNAL,,2025-12-31,1-5,15m-13m,0-10,False,21,0.5-0.6,90-100
CALL,0.47,2025-12-31 21:48:21,87778.05,87772.4,3.0927835053216626,5-10|13m-11m|10-20,699,95,5,0.51,2025-12-31 21:49:50,,0.040000000000000036,RSI_SIGNAL,,2025-12-31,5-10,13m-11m,10-20,True,21,0.4-0.5,0-10
PUT,0.49,2025-12-31 21:49:50,87778.05,87780.7,95.9731543622896,1-5|11m-10m|10-20,610,95,5,0.72,2025-12-31 21:50:21,,0.22999999999999998,RSI_SIGNAL,,2025-12-31,1-5,11m-10m,10-20,True,21,0.4-0.5,90-100
CALL,0.28,2025-12-31 21:50:21,87778.05,87748.4,2.077151335427274,20-40|10m-9m|30-40,579,95,5,0.3,2025-12-31 21:51:16,,0.019999999999999962,RSI_SIGNAL,,2025-12-31,20-40,10m-9m,30-40,True,21,0.2-0.3,0-10
PUT,0.7,2025-12-31 21:51:16,87778.05,87756.6,95.5555555553256,20-40|9m-8m|30-40,524,95,5,0.65,2025-12-31 21:53:26,,-0.04999999999999993,RSI_SIGNAL,,2025-12-31,20-40,9m-8m,30-40,False,21,0.6-0.7,90-100
CALL,0.35,2025-12-31 21:53:26,87778.05,87773.0,2.43902439037808,5-10|7m-6m|10-20,394,95,5,0.44,2025-12-31 21:54:07,,0.09000000000000002,RSI_SIGNAL,,2025-12-31,5-10,7m-6m,10-20,True,21,0.3-0.4,0-10
PUT,0.56,2025-12-31 21:54:07,87778.05,87780.8,96.42857142837963,1-5|6m-5m|0-10,353,95,5,0.6,2025-12-31 21:55:35,,0.039999999999999925,RSI_SIGNAL,,2025-12-31,1-5,6m-5m,0-10,True,21,0.5-0.6,90-100
CALL,0.4,2025-12-31 21:55:35,87778.05,87773.1,4.70588235319093,1-5|5m-4m|0-10,265,95,5,0.02,2025-12-31 21:58:12,,-0.38,RSI_SIGNAL,,2025-12-31,1-5,5m-4m,0-10,False,21,0.3-0.4,0-10
PUT,0.97,2025-12-31 21:58:18,87778.05,87744.3,95.91836734672059,20-40|120s-90s|20-30,102,95,5,1.0,2025-12-31 22:00:00,87752.8,0.030000000000000027,EXPIRATION,True,2025-12-31,20-40,120s-90s,20-30,True,21,0.9-1.0,90-100
CALL,0.37,2025-12-31 22:01:09,87756.28,87732.7,2.542372881145866,20-40|15m-13m|20-30,831,95,5,0.4,2025-12-31 22:02:17,,0.030000000000000027,RSI_SIGNAL,,2025-12-31,20-40,15m-13m,20-30,True,22,0.3-0.4,0-10
PUT,0.6,2025-12-31 22:02:17,87756.28,87738.5,94.28571428541969,10-20|13m-11m|10-20,763,90,10,0.81,2025-12-31 22:08:01,,0.21000000000000008,RSI_SIGNAL,,2025-12-31,10-20,13m-11m,10-20,True,22,0.5-0.6,90-100
CALL,0.19,2025-12-31 22:08:01,87756.28,87735.0,4.268292683154073,20-40|7m-6m|10-20,419,80,35,0.28,2025-12-31 22:11:05,,0.09000000000000002,RSI_SIGNAL,,2025-12-31,20-40,7m-6m,10-20,True,22,0.1-0.2,0-10
PUT,0.72,2025-12-31 22:11:05,87756.28,87748.2,89.87730061341861,5-10|4m-3m|20-30,235,80,35,0.0,2025-12-31 22:15:00,87788.0,-0.72,EXPIRATION,False,2025-12-31,5-10,4m-3m,20-30,False,22,0.7-0.8,80-90
PUT,0.47,2025-12-31 22:15:20,87788.1,87799.5,98.44961240312264,10-20|15m-13m|20-30,880,95,35,0.6,2025-12-31 22:15:38,,0.13,RSI_SIGNAL,,2025-12-31,10-20,15m-13m,20-30,True,22,0.4-0.5,90-100
CALL,0.4,2025-12-31 22:15:38,87788.1,87774.5,16.118421052583088,10-20|15m-13m|20-30,862,95,35,0.41,2025-12-31 22:17:38,,0.009999999999999953,RSI_SIGNAL,,2025-12-31,10-20,15m-13m,20-30,True,22,0.3-0.4,10-20
PUT,0.59,2025-12-31 22:17:38,87788.1,87780.8,96.44444444473419,5-10|13m-11m|20-30,742,95,35,0.55,2025-12-31 22:19:13,,-0.039999999999999925,RSI_SIGNAL,,2025-12-31,5-10,13m-11m,20-30,False,22,0.5-0.6,90-100
CALL,0.45,2025-12-31 22:19:13,87788.1,87786.0,33.58585858586099,1-5|11m-10m|20-30,647,95,35,0.46,2025-12-31 22:21:31,,0.010000000000000009,RSI_SIGNAL,,2025-12-31,1-5,11m-10m,20-30,True,22,0.4-0.5,30-40
PUT,0.54,2025-12-31 22:21:31,87788.1,87780.4,95.32710280410691,5-10|9m-8m|0-10,509,95,25,0.03,2025-12-31 22:26:37,,-0.51,RSI_SIGNAL,,2025-12-31,5-10,9m-8m,0-10,False,22,0.5-0.6,90-100
CALL,0.97,2025-12-31 22:26:37,87788.1,87833.8,9.000000000432195,40-80|4m-3m|20-30,203,95,20,1.0,2025-12-31 22:30:00,87814.4,0.030000000000000027,EXPIRATION,True,2025-12-31,40-80,4m-3m,20-30,True,22,0.9-1.0,0-10
CALL,0.36,2025-12-31 22:30:54,87814.84,87798.3,3.0864197529184167,10-20|15m-13m|10-20,846,95,5,0.09,2025-12-31 22:35:38,,-0.27,RSI_SIGNAL,,2025-12-31,10-20,15m-13m,10-20,False,22,0.3-0.4,0-10
PUT,0.91,2025-12-31 22:35:38,87814.84,87730.9,97.57869249384547,80-160|10m-9m|30-40,562,95,5,0.96,2025-12-31 22:40:04,,0.04999999999999993,RSI_SIGNAL,,2025-12-31,80-160,10m-9m,30-40,True,22,0.9-1.0,90-100
CALL,0.04,2025-12-31 22:40:04,87814.84,87729.4,4.12371134028507,80-160|5m-4m|0-10,296,95,5,0.0,2025-12-31 22:45:00,87690.6,-0.04,EXPIRATION,False,2025-12-31,80-160,5m-4m,0-10,False,22,0.0-0.1,0-10
PUT,0.49,2025-12-31 22:45:22,87691.64,87693.4,84.6153846152698,1-5|15m-13m|0-10,878,80,5,0.51,2025-12-31 22:47:46,,0.020000000000000018,RSI_SIGNAL,,2025-12-31,1-5,15m-13m,0-10,True,22,0.4-0.5,80-90
CALL,0.49,2025-12-31 22:47:46,87691.64,87693.4,4.999999999603872,1-5|13m-11m|10-20,734,80,5,0.53,2025-12-31 22:49:11,,0.040000000000000036,RSI_SIGNAL,,2025-12-31,1-5,13m-11m,10-20,True,22,0.4-0.5,0-10
PUT,0.47,2025-12-31 22:49:11,87691.64,87698.1,99.03846153844103,5-10|11m-10m|40-60,649,80,5,0.43,2025-12-31 22:51:51,,-0.03999999999999998,RSI_SIGNAL,,2025-12-31,5-10,11m-10m,40-60,False,22,0.4-0.5,90-100
CALL,0.57,2025-12-31 22:51:51,87691.64,87708.4,1.58730158725686,10-20|9m-8m|30-40,489,85,5,0.41,2025-12-31 22:55:46,,-0.15999999999999998,RSI_SIGNAL,,2025-12-31,10-20,9m-8m,30-40,False,22,0.5-0.6,0-10
PUT,0.59,2025-12-31 22:55:46,87691.64,87688.1,98.85222381635182,1-5|5m-4m|60-90,254,85,5,0.8,2025-12-31 22:56:44,,0.21000000000000008,RSI_SIGNAL,,2025-12-31,1-5,5m-4m,60-90,True,22,0.5-0.6,90-100
CALL,0.2,2025-12-31 22:56:44,87691.64,87670.2,4.310344827584046,20-40|4m-3m|10-20,196,85,5,0.02,2025-12-31 22:58:42,,-0.18000000000000002,RSI_SIGNAL,,2025-12-31,20-40,4m-3m,10-20,False,22,0.1-0.2,0-10
PUT,0.86,2025-12-31 22:58:52,87691.64,87670.8,98.64864864857225,20-40|90s-60s|20-30,68,85,5,0.97,2025-12-31 23:00:00,,0.10999999999999999,RSI_SIGNAL,,2025-12-31,20-40,90s-60s,20-30,True,22,0.8-0.9,90-100
PUT,0.53,2025-12-31 23:00:57,87691.3,87687.3,99.16201117313634,1-5|15m-13m|30-40,843,90,5,0.55,2025-12-31 23:02:05,,0.020000000000000018,RSI_SIGNAL,,2025-12-31,1-5,15m-13m,30-40,True,23,0.5-0.6,90-100
CALL,0.45,2025-12-31 23:02:05,87691.3,87669.2,2.1164021165194526,20-40|13m-11m|10-20,775,80,15,0.47,2025-12-31 23:02:46,,0.019999999999999962,RSI_SIGNAL,,2025-12-31,20-40,13m-11m,10-20,True,23,0.4-0.5,0-10
PUT,0.53,2025-12-31 23:02:46,87691.3,87687.3,95.90163934404231,1-5|13m-11m|10-20,734,80,15,0.76,2025-12-31 23:03:51,,0.22999999999999998,RSI_SIGNAL,,2025-12-31,1-5,13m-11m,10-20,True,23,0.5-0.6,90-100
CALL,0.24,2025-12-31 23:03:51,87691.3,87642.1,7.6124567475243765,40-80|13m-11m|40-60,669,75,20,0.31,2025-12-31 23:04:26,,0.07,RSI_SIGNAL,,2025-12-31,40-80,13m-11m,40-60,True,23,0.2-0.3,0-10
PUT,0.69,2025-12-31 23:04:26,87691.3,87659.9,74.79224376724099,20-40|11m-10m|20-30,634,70,25,0.84,2025-12-31 23:05:03,,0.15000000000000002,RSI_SIGNAL,,2025-12-31,20-40,11m-10m,20-30,True,23,0.6-0.7,70-80
CALL,0.16,2025-12-31 23:05:03,87691.3,87625.0,1.6620498615896366,40-80|10m-9m|30-40,597,70,25,0.17,2025-12-31 23:06:55,,0.010000000000000009,RSI_SIGNAL,,2025-12-31,40-80,10m-9m,30-40,True,23,0.1-0.2,0-10
PUT,0.83,2025-12-31 23:06:55,87691.3,87634.8,97.46192893386954,40-80|9m-8m|20-30,485,70,25,0.81,2025-12-31 23:08:00,,-0.019999999999999907,RSI_SIGNAL,,2025-12-31,40-80,9m-8m,20-30,False,23,0.8-0.9,90-100
CALL,0.19,2025-12-31 23:08:00,87691.3,87642.9,3.3707865167308455,40-80|8m-7m|20-30,420,70,25,0.18,2025-12-31 23:08:30,,-0.010000000000000009,RSI_SIGNAL,,2025-12-31,40-80,8m-7m,20-30,False,23,0.1-0.2,0-10
PUT,0.82,2025-12-31 23:08:30,87691.3,87645.5,88.2352941184527,40-80|7m-6m|10-20,390,70,20,0.88,2025-12-31 23:10:29,,0.06000000000000005,RSI_SIGNAL,,2025-12-31,40-80,7m-6m,10-20,True,23,0.8-0.9,80-90
CALL,0.12,2025-12-31 23:10:29,87691.3,87636.1,8.108108108506713,40-80|5m-4m|30-40,271,70,10,0.08,2025-12-31 23:10:46,,-0.039999999999999994,RSI_SIGNAL,,2025-12-31,40-80,5m-4m,30-40,False,23,0.1-0.2,0-10
PUT,0.92,2025-12-31 23:10:46,87691.3,87642.3,95.58823529388162,40-80|5m-4m|10-20,254,70,10,0.94,2025-12-31 23:13:12,,0.019999999999999907,RSI_SIGNAL,,2025-12-31,40-80,5m-4m,10-20,True,23,0.9-1.0,90-100
CALL,0.06,2025-12-31 23:13:12,87691.3,87655.7,3.092783504899444,20-40|120s-90s|10-20,108,85,5,0.0,2025-12-31 23:15:00,87644.4,-0.06,EXPIRATION,False,2025-12-31,20-40,120s-90s,10-20,False,23,0.0-0.1,0-10
CALL,0.48,2025-12-31 23:17:42,87645.84,87640.6,0.0,5-10|13m-11m|0-10,738,95,5,0.19,2025-12-31 23:22:27,,-0.29,RSI_SIGNAL,,2025-12-31,5-10,13m-11m,0-10,False,23,0.4-0.5,
PUT,0.81,2025-12-31 23:22:27,87645.84,87600.0,97.66355140199816,40-80|8m-7m|20-30,453,95,5,0.76,2025-12-31 23:24:05,,-0.050000000000000044,RSI_SIGNAL,,2025-12-31,40-80,8m-7m,20-30,False,23,0.8-0.9,90-100
CALL,0.24,2025-12-31 23:24:05,87645.84,87622.4,2.6785714287176035,20-40|6m-5m|20-30,355,95,5,0.4,2025-12-31 23:24:52,,0.16000000000000003,RSI_SIGNAL,,2025-12-31,20-40,6m-5m,20-30,True,23,0.2-0.3,0-10
PUT,0.6,2025-12-31 23:24:52,87645.84,87643.1,95.48022598846275,1-5|6m-5m|20-30,308,95,5,0.85,2025-12-31 23:27:05,,0.25,RSI_SIGNAL,,2025-12-31,1-5,6m-5m,20-30,True,23,0.5-0.6,90-100
CALL,0.15,2025-12-31 23:27:05,87645.84,87633.4,2.46913580260221,10-20|3m-2m|20-30,174,95,5,0.0,2025-12-31 23:30:00,87639.2,-0.15,EXPIRATION,False,2025-12-31,10-20,3m-2m,20-30,False,23,0.1-0.2,0-10
PUT,0.41,2025-12-31 23:31:15,87639.3,87649.5,95.53571428547647,10-20|15m-13m|10-20,825,95,5,0.6,2025-12-31 23:36:26,,0.19,RSI_SIGNAL,,2025-12-31,10-20,15m-13m,10-20,True,23,0.4-0.5,90-100
CALL,0.4,2025-12-31 23:36:26,87639.3,87626.1,6.6666666663109595,10-20|9m-8m|0-10,514,95,20,0.24,2025-12-31 23:39:24,,-0.16000000000000003,RSI_SIGNAL,,2025-12-31,10-20,9m-8m,0-10,False,23,0.3-0.4,0-10
PUT,0.76,2025-12-31 23:39:24,87639.3,87612.0,95.90163934404231,20-40|6m-5m|10-20,336,95,20,0.55,2025-12-31 23:41:24,,-0.20999999999999996,RSI_SIGNAL,,2025-12-31,20-40,6m-5m,10-20,False,23,0.7-0.8,90-100
CALL,0.45,2025-12-31 23:41:24,87639.3,87635.1,7.594936708926042,1-5|4m-3m|30-40,216,95,20,0.55,2025-12-31 23:42:01,,0.10000000000000003,RSI_SIGNAL,,2025-12-31,1-5,4m-3m,30-40,True,23,0.4-0.5,0-10
PUT,0.45,2025-12-31 23:42:01,87639.3,87639.8,96.07843137286233,0-1|3m-2m|10-20,179,95,20,0.0,2025-12-31 23:45:00,87639.8,-0.45,EXPIRATION,False,2025-12-31,0-1,3m-2m,10-20,False,23,0.4-0.5,90-100
CALL,0.39,2025-12-31 23:45:26,87639.86,87620.9,0.52356020945399,10-20|15m-13m|10-20,874,95,20,0.41,2025-12-31 23:47:28,,0.019999999999999962,RSI_SIGNAL,,2025-12-31,10-20,15m-13m,10-20,True,23,0.3-0.4,0-10
PUT,0.59,2025-12-31 23:47:28,87639.86,87627.9,95.86776859481769,10-20|13m-11m|10-20,752,95,20,0.55,2025-12-31 23:51:12,,-0.039999999999999925,RSI_SIGNAL,,2025-12-31,10-20,13m-11m,10-20,False,23,0.5-0.6,90-100
CALL,0.45,2025-12-31 23:51:12,87639.86,87642.2,5.617977528374638,1-5|9m-8m|0-10,528,95,20,0.14,2025-12-31 23:53:45,,-0.31,RSI_SIGNAL,,2025-12-31,1-5,9m-8m,0-10,False,23,0.4-0.5,0-10
PUT,0.86,2025-12-31 23:53:45,87639.86,87600.1,96.9230769229116,20-40|7m-6m|30-40,375,95,10,0.96,2025-12-31 23:57:40,,0.09999999999999998,RSI_SIGNAL,,2025-12-31,20-40,7m-6m,30-40,True,23,0.8-0.9,90-100
PUT,0.73,2026-01-01 02:01:37,87916.38,87864.4,95.23809523784446,40-80|15m-13m|10-20,803,95,5,0.73,2026-01-01 02:04:03,,0.0,RSI_SIGNAL,,2026-01-01,40-80,15m-13m,10-20,False,2,0.7-0.8,90-100
CALL,0.27,2026-01-01 02:04:03,87916.38,87873.7,3.3707865167308455,40-80|11m-10m|0-10,657,85,20,0.26,2026-01-01 02:04:28,,-0.010000000000000009,RSI_SIGNAL,,2026-01-01,40-80,11m-10m,0-10,False,2,0.2-0.3,0-10
PUT,0.74,2026-01-01 02:04:28,87916.38,87875.0,100.0,40-80|11m-10m|0-10,632,85,20,0.09,2026-01-01 02:08:08,,-0.65,RSI_SIGNAL,,2026-01-01,40-80,11m-10m,0-10,False,2,0.7-0.8,90-100
CALL,0.91,2026-01-01 02:08:08,87916.38,87971.1,11.403508772256785,40-80|7m-6m|10-20,412,90,40,0.92,2026-01-01 02:09:41,,0.010000000000000009,RSI_SIGNAL,,2026-01-01,40-80,7m-6m,10-20,True,2,0.9-1.0,10-20
PUT,0.08,2026-01-01 02:09:41,87916.38,87982.0,96.99570815434132,40-80|6m-5m|20-30,319,95,45,0.02,2026-01-01 02:10:29,,-0.06,RSI_SIGNAL,,2026-01-01,40-80,6m-5m,20-30,False,2,0.0-0.1,90-100
CALL,0.97,2026-01-01 02:10:33,87916.38,87975.4,5.325443787180447,40-80|5m-4m|20-30,267,95,50,0.96,2026-01-01 02:13:00,,-0.010000000000000009,RSI_SIGNAL,,2026-01-01,40-80,5m-4m,20-30,False,2,0.9-1.0,0-10
PUT,0.04,2026-01-01 02:13:00,87916.38,87948.1,95.87628865957728,20-40|3m-2m|20-30,120,95,45,0.0,2026-01-01 02:15:00,87958.9,-0.04,EXPIRATION,False,2026-01-01,20-40,3m-2m,20-30,False,2,0.0-0.1,90-100
PUT,0.54,2026-01-01 02:15:20,87958.9,87964.1,95.34883720936791,5-10|15m-13m|20-30,880,95,35,0.55,2026-01-01 02:15:38,,0.010000000000000009,RSI_SIGNAL,,2026-01-01,5-10,15m-13m,20-30,True,2,0.5-0.6,90-100
CALL,0.45,2026-01-01 02:15:38,87958.9,87958.7,9.090909091330005,0-1|15m-13m|20-30,862,95,35,0.78,2026-01-01 02:17:23,,0.33,RSI_SIGNAL,,2026-01-01,0-1,15m-13m,20-30,True,2,0.4-0.5,0-10
PUT,0.22,2026-01-01 02:17:23,87958.9,88015.0,95.28301886773738,40-80|13m-11m|40-60,757,95,25,0.19,2026-01-01 02:18:38,,-0.03,RSI_SIGNAL,,2026-01-01,40-80,13m-11m,40-60,False,2,0.2-0.3,90-100
CALL,0.81,2026-01-01 02:18:38,87958.9,88009.9,2.3758099352168642,40-80|13m-11m|40-60,682,95,20,0.69,2026-01-01 02:20:38,,-0.1200000000000001,RSI_SIGNAL,,2026-01-01,40-80,13m-11m,40-60,False,2,0.8-0.9,0-10
PUT,0.31,2026-01-01 02:20:38,87958.9,87979.5,96.62921348296236,20-40|10m-9m|30-40,562,95,10,0.33,2026-01-01 02:21:00,,0.020000000000000018,RSI_SIGNAL,,2026-01-01,20-40,10m-9m,30-40,True,2,0.3-0.4,90-100
CALL,0.67,2026-01-01 02:21:00,87958.9,87971.5,5.555555555843,10-20|10m-9m|20-30,540,95,10,0.48,2026-01-01 02:22:31,,-0.19000000000000006,RSI_SIGNAL,,2026-01-01,10-20,10m-9m,20-30,False,2,0.6-0.7,0-10
PUT,0.52,2026-01-01 02:22:31,87958.9,87948.9,98.32214765105324,10-20|8m-7m|30-40,449,95,5,0.63,2026-01-01 02:23:41,,0.10999999999999999,RSI_SIGNAL,,2026-01-01,10-20,8m-7m,30-40,True,2,0.5-0.6,90-100
CALL,0.37,2026-01-01 02:23:41,87958.9,87936.8,4.06091370532765,20-40|7m-6m|10-20,379,95,5,0.09,2026-01-01 02:25:47,,-0.28,RSI_SIGNAL,,2026-01-01,20-40,7m-6m,10-20,False,2,0.3-0.4,0-10
PUT,0.91,2026-01-01 02:25:47,87958.9,87917.2,95.71428571462427,40-80|5m-4m|10-20,253,95,5,0.96,2026-01-01 02:26:00,,0.04999999999999993,RSI_SIGNAL,,2026-01-01,40-80,5m-4m,10-20,True,2,0.9-1.0,90-100
CALL,0.04,2026-01-01 02:26:00,87958.9,87909.7,4.819277108211935,40-80|5m-4m|10-20,240,95,5,0.0,2026-01-01 02:30:00,87917.1,-0.04,EXPIRATION,False,2026-01-01,40-80,5m-4m,10-20,False,2,0.0-0.1,0-10
PUT,0.5,2026-01-01 02:30:43,87917.1,87920.8,95.67901234545,1-5|15m-13m|20-30,857,95,5,0.12,2026-01-01 02:34:38,,-0.38,RSI_SIGNAL,,2026-01-01,1-5,15m-13m,20-30,False,2,0.4-0.5,90-100
CALL,0.88,2026-01-01 02:34:38,87917.1,87991.7,2.155172413613329,40-80|11m-10m|30-40,622,95,5,0.51,2026-01-01 02:38:10,,-0.37,RSI_SIGNAL,,2026-01-01,40-80,11m-10m,30-40,False,2,0.8-0.9,0-10
PUT,0.49,2026-01-01 02:38:10,87917.1,87922.1,96.61016949180133,5-10|7m-6m|20-30,410,95,5,0.02,2026-01-01 02:40:50,,-0.47,RSI_SIGNAL,,2026-01-01,5-10,7m-6m,20-30,False,2,0.4-0.5,90-100
CALL,0.83,2026-01-01 02:41:15,87917.1,87936.4,1.7301038062764604,10-20|4m-3m|30-40,225,95,5,1.0,2026-01-01 02:45:00,87918.0,0.17000000000000004,EXPIRATION,True,2026-01-01,10-20,4m-3m,30-40,True,2,0.8-0.9,0-10
PUT,0.5,2026-01-01 02:46:44,87918.0,87911.8,97.29729729752052,5-10|15m-13m|10-20,796,95,5,0.51,2026-01-01 02:48:53,,0.010000000000000009,RSI_SIGNAL,,2026-01-01,5-10,15m-13m,10-20,True,2,0.4-0.5,90-100
CALL,0.49,2026-01-01 02:48:53,87918.0,87907.3,2.255639097870244,10-20|13m-11m|10-20,667,95,5,0.22,2026-01-01 02:51:36,,-0.27,RSI_SIGNAL,,2026-01-01,10-20,13m-11m,10-20,False,2,0.4-0.5,0-10
PUT,0.78,2026-01-01 02:51:36,87918.0,87883.6,95.19230769218527,20-40|9m-8m|10-20,504,95,5,0.85,2026-01-01 02:52:07,,0.06999999999999995,RSI_SIGNAL,,2026-01-01,20-40,9m-8m,10-20,True,2,0.7-0.8,90-100
CALL,0.15,2026-01-01 02:52:07,87918.0,87866.3,3.7234042550194175,40-80|8m-7m|20-30,473,95,5,0.19,2026-01-01 02:53:38,,0.04000000000000001,RSI_SIGNAL,,2026-01-01,40-80,8m-7m,20-30,True,2,0.1-0.2,0-10
PUT,0.81,2026-01-01 02:53:38,87918.0,87878.6,96.99248120284298,20-40|7m-6m|20-30,382,95,5,0.96,2026-01-01 02:58:42,,0.1499999999999999,RSI_SIGNAL,,2026-01-01,20-40,7m-6m,20-30,True,2,0.8-0.9,90-100
CALL,0.04,2026-01-01 02:58:42,87918.0,87881.2,3.030303030259603,20-40|90s-60s|30-40,78,95,5,0.0,2026-01-01 03:00:00,87875.9,-0.04,EXPIRATION,False,2026-01-01,20-40,90s-60s,30-40,False,2,0.0-0.1,0-10
CALL,0.39,2026-01-01 03:00:39,87876.07,87850.0,2.5641025639918524,20-40|15m-13m|20-30,861,95,5,0.39,2026-01-01 03:01:59,,0.0,RSI_SIGNAL,,2026-01-01,20-40,15m-13m,20-30,False,3,0.3-0.4,0-10
PUT,0.61,2026-01-01 03:01:59,87876.07,87859.8,96.10389610368993,10-20|15m-13m|0-10,781,90,10,0.67,2026-01-01 03:03:25,,0.06000000000000005,RSI_SIGNAL,,2026-01-01,10-20,15m-13m,0-10,True,3,0.6-0.7,90-100
CALL,0.33,2026-01-01 03:03:25,87876.07,87850.0,2.857142857301241,20-40|13m-11m|10-20,695,80,20,0.38,2026-01-01 03:04:17,,0.04999999999999999,RSI_SIGNAL,,2026-01-01,20-40,13m-11m,10-20,True,3,0.3-0.4,0-10
PUT,0.62,2026-01-01 03:04:17,87876.07,87853.9,83.6734693876763,20-40|11m-10m|10-20,643,75,25,0.29,2026-01-01 03:06:54,,-0.33,RSI_SIGNAL,,2026-01-01,20-40,11m-10m,10-20,False,3,0.6-0.7,80-90
CALL,0.71,2026-01-01 03:06:54,87876.07,87897.6,28.571428570537634,20-40|9m-8m|10-20,486,70,35,0.78,2026-01-01 03:07:24,,0.07000000000000006,RSI_SIGNAL,,2026-01-01,20-40,9m-8m,10-20,True,3,0.7-0.8,20-30
PUT,0.22,2026-01-01 03:07:24,87876.07,87909.8,99.1935483870504,20-40|8m-7m|20-30,456,70,35,0.4,2026-01-01 03:07:49,,0.18000000000000002,RSI_SIGNAL,,2026-01-01,20-40,8m-7m,20-30,True,3,0.2-0.3,90-100
CALL,0.6,2026-01-01 03:07:49,87876.07,87881.8,30.541871921188445,5-10|8m-7m|20-30,431,70,35,0.57,2026-01-01 03:09:05,,-0.030000000000000027,RSI_SIGNAL,,2026-01-01,5-10,8m-7m,20-30,False,3,0.5-0.6,30-40
PUT,0.43,2026-01-01 03:09:05,87876.07,87876.1,93.33333333299703,0-1|6m-5m|30-40,355,75,30,0.16,2026-01-01 03:11:40,,-0.27,RSI_SIGNAL,,2026-01-01,0-1,6m-5m,30-40,False,3,0.4-0.5,90-100
CALL,0.84,2026-01-01 03:11:40,87876.07,87902.8,3.773584905862407,20-40|4m-3m|20-30,200,85,20,0.98,2026-01-01 03:13:37,,0.14,RSI_SIGNAL,,2026-01-01,20-40,4m-3m,20-30,True,3,0.8-0.9,0-10
CALL,0.41,2026-01-01 03:15:33,87948.7,87939.9,4.1666666663319205,5-10|15m-13m|10-20,867,95,5,0.45,2026-01-01 03:16:51,,0.040000000000000036,RSI_SIGNAL,,2026-01-01,5-10,15m-13m,10-20,True,3,0.4-0.5,0-10
PUT,0.55,2026-01-01 03:16:51,87948.7,87948.6,98.95833333327413,0-1|15m-13m|10-20,789,95,5,0.37,2026-01-01 03:18:56,,-0.18000000000000005,RSI_SIGNAL,,2026-01-01,0-1,15m-13m,10-20,False,3,0.5-0.6,90-100
CALL,0.63,2026-01-01 03:18:56,87948.7,87969.3,3.1446540878799283,20-40|13m-11m|20-30,664,95,5,0.69,2026-01-01 03:19:31,,0.05999999999999994,RSI_SIGNAL,,2026-01-01,20-40,13m-11m,20-30,True,3,0.6-0.7,0-10
PUT,0.31,2026-01-01 03:19:31,87948.7,87978.0,96.73913043505081,20-40|11m-10m|10-20,629,95,5,0.44,2026-01-01 03:21:21,,0.13,RSI_SIGNAL,,2026-01-01,20-40,11m-10m,10-20,True,3,0.3-0.4,90-100
CALL,0.56,2026-01-01 03:21:21,87948.7,87951.4,1.7751479290934498,1-5|9m-8m|30-40,519,95,5,0.01,2026-01-01 03:26:02,,-0.55,RSI_SIGNAL,,2026-01-01,1-5,9m-8m,30-40,False,3,0.5-0.6,0-10
CALL,0.39,2026-01-01 03:31:29,87894.67,87874.4,3.0612244895436334,20-40|15m-13m|10-20,811,95,5,0.43,2026-01-01 03:32:24,,0.03999999999999998,RSI_SIGNAL,,2026-01-01,20-40,15m-13m,10-20,True,3,0.3-0.4,0-10
PUT,0.57,2026-01-01 03:32:24,87894.67,87880.2,95.21531100497225,10-20|13m-11m|30-40,756,95,5,0.4,2026-01-01 03:39:03,,-0.16999999999999993,RSI_SIGNAL,,2026-01-01,10-20,13m-11m,30-40,False,3,0.5-0.6,90-100
CALL,0.6,2026-01-01 03:39:03,87894.67,87902.9,1.9900497511461595,5-10|6m-5m|20-30,357,95,5,0.7,2026-01-01 03:39:57,,0.09999999999999998,RSI_SIGNAL,,2026-01-01,5-10,6m-5m,20-30,True,3,0.5-0.6,0-10
PUT,0.3,2026-01-01 03:39:57,87894.67,87907.9,98.03921568616262,10-20|6m-5m|0-10,303,95,5,0.02,2026-01-01 03:43:06,,-0.27999999999999997,RSI_SIGNAL,,2026-01-01,10-20,6m-5m,0-10,False,3,0.2-0.3,90-100
CALL,0.96,2026-01-01 03:43:49,87894.67,87902.5,1.3333333333139308,5-10|90s-60s|20-30,71,95,5,1.0,2026-01-01 03:45:00,87902.2,0.040000000000000036,EXPIRATION,True,2026-01-01,5-10,90s-60s,20-30,True,3,0.9-1.0,0-10
CALL,0.28,2026-01-01 03:46:06,87904.89,87873.7,0.6920415224317651,20-40|15m-13m|20-30,834,95,5,0.3,2026-01-01 03:47:05,,0.019999999999999962,RSI_SIGNAL,,2026-01-01,20-40,15m-13m,20-30,True,3,0.2-0.3,0-10
PUT,0.7,2026-01-01 03:47:05,87904.89,87876.3,96.52173913059873,20-40|13m-11m|30-40,775,95,5,0.82,2026-01-01 03:50:07,,0.12,RSI_SIGNAL,,2026-01-01,20-40,13m-11m,30-40,True,3,0.6-0.7,90-100
CALL,0.18,2026-01-01 03:50:07,87904.89,87872.1,4.0000000002142,20-40|10m-9m|10-20,593,95,5,0.02,2026-01-01 03:53:38,,-0.16,RSI_SIGNAL,,2026-01-01,20-40,10m-9m,10-20,False,3,0.1-0.2,0-10
PUT,0.5,2026-01-01 04:02:41,87820.0,87817.4,96.75675675679885,1-5|13m-11m|10-20,739,95,5,0.64,2026-01-01 04:03:11,,0.14,RSI_SIGNAL,,2026-01-01,1-5,13m-11m,10-20,True,4,0.4-0.5,90-100
CALL,0.36,2026-01-01 04:03:11,87820.0,87800.0,4.687499999973937,20-40|13m-11m|10-20,709,90,10,0.21,2026-01-01 04:05:18,,-0.15,RSI_SIGNAL,,2026-01-01,20-40,13m-11m,10-20,False,4,0.3-0.4,0-10
PUT,0.79,2026-01-01 04:05:18,87820.0,87780.0,95.89041095923179,40-80|10m-9m|0-10,582,80,20,0.89,2026-01-01 04:07:02,,0.09999999999999998,RSI_SIGNAL,,2026-01-01,40-80,10m-9m,0-10,True,4,0.7-0.8,90-100
CALL,0.11,2026-01-01 04:07:02,87820.0,87765.7,4.487179487418075,40-80|8m-7m|10-20,478,75,25,0.01,2026-01-01 04:09:18,,-0.1,RSI_SIGNAL,,2026-01-01,40-80,8m-7m,10-20,False,4,0.1-0.2,0-10
PUT,0.51,2026-01-01 04:15:56,87612.41,87596.2,79.72972972901223,10-20|15m-13m|30-40,844,60,5,0.65,2026-01-01 04:16:58,,0.14,RSI_SIGNAL,,2026-01-01,10-20,15m-13m,30-40,True,4,0.5-0.6,70-80
CALL,0.35,2026-01-01 04:16:58,87612.41,87564.4,2.3952095809708567,40-80|15m-13m|30-40,782,65,5,0.37,2026-01-01 04:17:57,,0.020000000000000018,RSI_SIGNAL,,2026-01-01,40-80,15m-13m,30-40,True,4,0.3-0.4,0-10
PUT,0.63,2026-01-01 04:17:57,87612.41,87573.4,96.42058165528755,20-40|13m-11m|60-90,723,70,5,0.76,2026-01-01 04:19:06,,0.13,RSI_SIGNAL,,2026-01-01,20-40,13m-11m,60-90,True,4,0.6-0.7,90-100
CALL,0.24,2026-01-01 04:19:06,87612.41,87554.1,3.398058252151145,40-80|11m-10m|10-20,654,80,5,0.13,2026-01-01 04:20:19,,-0.10999999999999999,RSI_SIGNAL,,2026-01-01,40-80,11m-10m,10-20,False,4,0.2-0.3,0-10
PUT,0.87,2026-01-01 04:20:19,87612.41,87536.1,88.79999999977555,40-80|10m-9m|20-30,581,85,5,0.82,2026-01-01 04:23:34,,-0.050000000000000044,RSI_SIGNAL,,2026-01-01,40-80,10m-9m,20-30,False,4,0.8-0.9,80-90
CALL,0.18,2026-01-01 04:23:34,87612.41,87567.1,3.619909502457901,40-80|7m-6m|20-30,386,95,5,0.41,2026-01-01 04:24:14,,0.22999999999999998,RSI_SIGNAL,,2026-01-01,40-80,7m-6m,20-30,True,4,0.1-0.2,0-10
PUT,0.59,2026-01-01 04:24:14,87612.41,87595.0,97.93814432978142,10-20|6m-5m|20-30,346,95,5,0.8,2026-01-01 04:25:30,,0.21000000000000008,RSI_SIGNAL,,2026-01-01,10-20,6m-5m,20-30,True,4,0.5-0.6,90-100
CALL,0.2,2026-01-01 04:25:30,87612.41,87588.8,4.800000000251458,20-40|5m-4m|20-30,270,95,5,0.0,2026-01-01 04:30:00,87594.1,-0.2,EXPIRATION,False,2026-01-01,20-40,5m-4m,20-30,False,4,0.1-0.2,0-10
CALL,0.66,2026-01-01 04:31:23,87594.1,87618.6,2.3437499999138396,20-40|15m-13m|30-40,817,95,5,0.46,2026-01-01 04:35:38,,-0.2,RSI_SIGNAL,,2026-01-01,20-40,15m-13m,30-40,False,4,0.6-0.7,0-10
PUT,0.54,2026-01-01 04:35:38,87594.1,87587.9,97.5124378108754,5-10|10m-9m|10-20,562,95,5,0.6,2026-01-01 04:36:05,,0.05999999999999994,RSI_SIGNAL,,2026-01-01,5-10,10m-9m,10-20,True,4,0.5-0.6,90-100
CALL,0.4,2026-01-01 04:36:05,87594.1,87576.3,3.9682539684693694,10-20|9m-8m|10-20,535,95,5,0.26,2026-01-01 04:37:49,,-0.14,RSI_SIGNAL,,2026-01-01,10-20,9m-8m,10-20,False,4,0.3-0.4,0-10
PUT,0.74,2026-01-01 04:37:49,87594.1,87559.5,95.23809523784446,20-40|8m-7m|10-20,431,95,5,0.78,2026-01-01 04:38:32,,0.040000000000000036,RSI_SIGNAL,,2026-01-01,20-40,8m-7m,10-20,True,4,0.7-0.8,90-100
CALL,0.22,2026-01-01 04:38:32,87594.1,87560.1,2.5477707006906627,20-40|7m-6m|20-30,388,95,5,0.48,2026-01-01 04:39:18,,0.26,RSI_SIGNAL,,2026-01-01,20-40,7m-6m,20-30,True,4,0.2-0.3,0-10
PUT,0.52,2026-01-01 04:39:18,87594.1,87591.5,98.33887043180053,1-5|6m-5m|30-40,342,95,5,0.97,2026-01-01 04:43:43,,0.44999999999999996,RSI_SIGNAL,,2026-01-01,1-5,6m-5m,30-40,True,4,0.5-0.6,90-100
CALL,0.03,2026-01-01 04:43:43,87594.1,87560.0,3.7151702788386274,20-40|90s-60s|60-90,77,95,5,0.0,2026-01-01 04:45:00,87519.6,-0.03,EXPIRATION,False,2026-01-01,20-40,90s-60s,60-90,False,4,0.0-0.1,0-10
PUT,0.34,2026-01-01 04:45:49,87519.6,87545.9,97.24409448814566,20-40|15m-13m|30-40,851,95,5,0.23,2026-01-01 04:50:38,,-0.11000000000000001,RSI_SIGNAL,,2026-01-01,20-40,15m-13m,30-40,False,4,0.3-0.4,90-100
CALL,0.77,2026-01-01 04:50:38,87519.6,87561.1,3.2128514057443027,40-80|10m-9m|20-30,562,95,5,0.9,2026-01-01 04:54:59,,0.13,RSI_SIGNAL,,2026-01-01,40-80,10m-9m,20-30,True,4,0.7-0.8,0-10
PUT,0.1,2026-01-01 04:54:59,87519.6,87566.8,95.83333333311228,40-80|6m-5m|10-20,301,95,5,0.03,2026-01-01 04:55:40,,-0.07,RSI_SIGNAL,,2026-01-01,40-80,6m-5m,10-20,False,4,0.0-0.1,90-100
CALL,0.97,2026-01-01 04:55:40,87519.6,87568.1,2.830188679400692,40-80|5m-4m|20-30,260,95,5,0.98,2026-01-01 04:57:44,,0.010000000000000009,RSI_SIGNAL,,2026-01-01,40-80,5m-4m,20-30,True,4,0.9-1.0,0-10
PUT,0.39,2026-01-01 05:00:41,87555.8,87570.1,95.5414012740719,10-20|15m-13m|10-20,859,95,5,0.03,2026-01-01 05:05:48,,-0.36,RSI_SIGNAL,,2026-01-01,10-20,15m-13m,10-20,False,5,0.3-0.4,90-100
CALL,0.97,2026-01-01 05:05:48,87555.8,87633.0,25.000000000909495,40-80|10m-9m|0-10,552,95,30,0.97,2026-01-01 05:07:08,,0.0,RSI_SIGNAL,,2026-01-01,40-80,10m-9m,0-10,False,5,0.9-1.0,20-30
PUT,0.03,2026-01-01 05:07:08,87555.8,87641.1,95.52238805946808,80-160|8m-7m|0-10,472,95,40,0.01,2026-01-01 05:08:35,,-0.019999999999999997,RSI_SIGNAL,,2026-01-01,80-160,8m-7m,0-10,False,5,0.0-0.1,90-100
PUT,0.39,2026-01-01 05:15:35,87660.4,87672.6,96.21212121192077,10-20|15m-13m|10-20,865,95,45,0.39,2026-01-01 05:16:46,,0.0,RSI_SIGNAL,,2026-01-01,10-20,15m-13m,10-20,False,5,0.3-0.4,90-100
CALL,0.61,2026-01-01 05:16:46,87660.4,87680.5,25.531914893647325,20-40|15m-13m|30-40,794,95,45,0.7,2026-01-01 05:17:44,,0.08999999999999997,RSI_SIGNAL,,2026-01-01,20-40,15m-13m,30-40,True,5,0.6-0.7,20-30
PUT,0.3,2026-01-01 05:17:44,87660.4,87688.0,95.4022988504805,20-40|13m-11m|10-20,736,95,45,0.26,2026-01-01 05:19:04,,-0.03999999999999998,RSI_SIGNAL,,2026-01-01,20-40,13m-11m,10-20,False,5,0.2-0.3,90-100
CALL,0.74,2026-01-01 05:19:04,87660.4,87687.9,0.0,20-40|11m-10m|0-10,656,95,45,0.21,2026-01-01 05:26:41,,-0.53,RSI_SIGNAL,,2026-01-01,20-40,11m-10m,0-10,False,5,0.7-0.8,
PUT,0.79,2026-01-01 05:26:41,87660.4,87636.8,97.56097560962192,20-40|4m-3m|30-40,199,95,10,0.06,2026-01-01 05:28:52,,-0.73,RSI_SIGNAL,,2026-01-01,20-40,4m-3m,30-40,False,5,0.7-0.8,90-100
CALL,0.94,2026-01-01 05:28:52,87660.4,87674.1,3.636363636075018,10-20|90s-60s|10-20,68,95,5,1.0,2026-01-01 05:30:00,87666.9,0.06000000000000005,EXPIRATION,True,2026-01-01,10-20,90s-60s,10-20,True,5,0.9-1.0,0-10
PUT,0.5,2026-01-01 05:30:22,87672.88,87678.0,98.26086956512056,5-10|15m-13m|10-20,878,95,5,0.83,2026-01-01 05:30:44,,0.32999999999999996,RSI_SIGNAL,,2026-01-01,5-10,15m-13m,10-20,True,5,0.4-0.5,90-100
CALL,0.17,2026-01-01 05:30:44,87672.88,87605.9,3.3244680851420014,40-80|15m-13m|60-90,856,95,5,0.32,2026-01-01 05:32:05,,0.15,RSI_SIGNAL,,2026-01-01,40-80,15m-13m,60-90,True,5,0.1-0.2,0-10
PUT,0.68,2026-01-01 05:32:05,87672.88,87636.8,98.19004524876748,20-40|13m-11m|20-30,775,95,5,0.59,2026-01-01 05:36:28,,-0.09000000000000008,RSI_SIGNAL,,2026-01-01,20-40,13m-11m,20-30,False,5,0.6-0.7,90-100
CALL,0.41,2026-01-01 05:36:28,87672.88,87648.9,1.2195121951912,20-40|9m-8m|30-40,512,95,5,0.46,2026-01-01 05:37:24,,0.050000000000000044,RSI_SIGNAL,,2026-01-01,20-40,9m-8m,30-40,True,5,0.4-0.5,0-10
PUT,0.54,2026-01-01 05:37:24,87672.88,87658.6,97.05882352925231,10-20|8m-7m|30-40,456,95,5,0.68,2026-01-01 05:38:39,,0.14,RSI_SIGNAL,,2026-01-01,10-20,8m-7m,30-40,True,5,0.5-0.6,90-100
CALL,0.32,2026-01-01 05:38:39,87672.88,87652.9,4.8387096776692005,10-20|7m-6m|0-10,381,95,5,0.38,2026-01-01 05:41:14,,0.06,RSI_SIGNAL,,2026-01-01,10-20,7m-6m,0-10,True,5,0.3-0.4,0-10
PUT,0.62,2026-01-01 05:41:14,87672.88,87658.9,98.87005649711011,10-20|4m-3m|10-20,226,95,5,1.0,2026-01-01 05:45:00,87664.0,0.38,EXPIRATION,True,2026-01-01,10-20,4m-3m,10-20,True,5,0.6-0.7,90-100
PUT,0.39,2026-01-01 05:49:14,87664.0,87679.9,96.61016949134148,10-20|11m-10m|10-20,646,95,5,0.61,2026-01-01 05:49:54,,0.21999999999999997,RSI_SIGNAL,,2026-01-01,10-20,11m-10m,10-20,True,5,0.3-0.4,90-100
CALL,0.39,2026-01-01 05:49:54,87664.0,87659.6,2.347417840181535,1-5|11m-10m|20-30,606,95,5,0.58,2026-01-01 05:50:32,,0.18999999999999995,RSI_SIGNAL,,2026-01-01,1-5,11m-10m,20-30,True,5,0.3-0.4,0-10
PUT,0.42,2026-01-01 05:50:32,87664.0,87677.8,97.88359788370177,10-20|10m-9m|20-30,568,95,5,0.47,2026-01-01 05:51:30,,0.04999999999999999,RSI_SIGNAL,,2026-01-01,10-20,10m-9m,20-30,True,5,0.4-0.5,90-100
CALL,0.53,2026-01-01 05:51:30,87664.0,87668.6,1.063829787294992,1-5|9m-8m|0-10,510,95,5,0.77,2026-01-01 05:53:04,,0.24,RSI_SIGNAL,,2026-01-01,1-5,9m-8m,0-10,True,5,0.5-0.6,0-10
PUT,0.23,2026-01-01 05:53:04,87664.0,87691.9,98.3402489627949,20-40|7m-6m|20-30,416,95,5,0.5,2026-01-01 05:53:50,,0.27,RSI_SIGNAL,,2026-01-01,20-40,7m-6m,20-30,True,5,0.2-0.3,90-100
CALL,0.5,2026-01-01 05:53:50,87664.0,87668.7,3.2786885245432273,1-5|7m-6m|20-30,370,95,5,1.0,2026-01-01 06:00:00,87668.1,0.5,EXPIRATION,True,2026-01-01,1-5,7m-6m,20-30,True,5,0.4-0.5,0-10
CALL,0.41,2026-01-01 06:01:15,87668.1,87650.1,4.8076923079479315,10-20|15m-13m|10-20,825,95,5,0.27,2026-01-01 06:03:23,,-0.13999999999999996,RSI_SIGNAL,,2026-01-01,10-20,15m-13m,10-20,False,6,0.4-0.5,0-10
PUT,0.73,2026-01-01 06:03:23,87668.1,87633.6,95.03546099302345,20-40|13m-11m|30-40,697,85,10,0.78,2026-01-01 06:05:09,,0.050000000000000044,RSI_SIGNAL,,2026-01-01,20-40,13m-11m,30-40,True,6,0.7-0.8,90-100
CALL,0.22,2026-01-01 06:05:09,87668.1,87629.0,3.0303030304678344,20-40|10m-9m|0-10,591,75,10,0.01,2026-01-01 06:09:48,,-0.21,RSI_SIGNAL,,2026-01-01,20-40,10m-9m,0-10,False,6,0.2-0.3,0-10
PUT,0.96,2026-01-01 06:10:31,87668.1,87614.7,96.24999999979877,40-80|5m-4m|20-30,269,50,5,0.98,2026-01-01 06:11:07,,0.020000000000000018,RSI_SIGNAL,,2026-01-01,40-80,5m-4m,20-30,True,6,0.9-1.0,90-100
PUT,0.43,2026-01-01 06:15:20,87615.0,87619.8,92.85714285679019,1-5|15m-13m|10-20,880,60,5,0.34,2026-01-01 06:17:26,,-0.08999999999999997,RSI_SIGNAL,,2026-01-01,1-5,15m-13m,10-20,False,6,0.4-0.5,90-100
CALL,0.66,2026-01-01 06:17:26,87615.0,87627.3,0.0,10-20|13m-11m|0-10,754,70,5,0.56,2026-01-01 06:19:07,,-0.09999999999999998,RSI_SIGNAL,,2026-01-01,10-20,13m-11m,0-10,False,6,0.6-0.7,
PUT,0.44,2026-01-01 06:19:07,87615.0,87608.5,100.0,5-10|11m-10m|0-10,653,80,5,0.47,2026-01-01 06:26:52,,0.02999999999999997,RSI_SIGNAL,,2026-01-01,5-10,11m-10m,0-10,True,6,0.4-0.5,90-100
CALL,0.53,2026-01-01 06:26:52,87615.0,87608.6,1.9867549669984612,5-10|4m-3m|10-20,188,95,5,0.79,2026-01-01 06:27:33,,0.26,RSI_SIGNAL,,2026-01-01,5-10,4m-3m,10-20,True,6,0.5-0.6,0-10
PUT,0.21,2026-01-01 06:27:33,87615.0,87623.4,99.33333333329453,5-10|3m-2m|10-20,147,95,5,0.0,2026-01-01 06:30:00,87623.4,-0.21,EXPIRATION,False,2026-01-01,5-10,3m-2m,10-20,False,6,0.2-0.3,90-100
PUT,0.44,2026-01-01 06:31:26,87623.4,87629.1,95.31250000037303,5-10|15m-13m|0-10,814,95,5,0.25,2026-01-01 06:35:01,,-0.19,RSI_SIGNAL,,2026-01-01,5-10,15m-13m,0-10,False,6,0.4-0.5,90-100
CALL,0.75,2026-01-01 06:35:01,87623.4,87636.0,3.5087719297752926,10-20|10m-9m|10-20,599,95,5,0.66,2026-01-01 06:36:09,,-0.08999999999999997,RSI_SIGNAL,,2026-01-01,10-20,10m-9m,10-20,False,6,0.7-0.8,0-10
PUT,0.34,2026-01-01 06:36:09,87623.4,87628.6,100.0,5-10|9m-8m|0-10,531,95,5,0.32,2026-01-01 06:36:16,,-0.020000000000000018,RSI_SIGNAL,,2026-01-01,5-10,9m-8m,0-10,False,6,0.3-0.4,90-100
CALL,0.68,2026-01-01 06:36:16,87623.4,87628.5,0.0,5-10|9m-8m|0-10,524,95,5,0.78,2026-01-01 06:39:38,,0.09999999999999998,RSI_SIGNAL,,2026-01-01,5-10,9m-8m,0-10,True,6,0.6-0.7,
PUT,0.22,2026-01-01 06:39:38,87623.4,87625.7,100.0,1-5|6m-5m|0-10,322,95,5,0.2,2026-01-01 06:39:46,,-0.01999999999999999,RSI_SIGNAL,,2026-01-01,1-5,6m-5m,0-10,False,6,0.2-0.3,90-100
CALL,0.8,2026-01-01 06:39:46,87623.4,87625.6,0.0,1-5|6m-5m|0-10,314,95,5,0.83,2026-01-01 06:39:59,,0.029999999999999916,RSI_SIGNAL,,2026-01-01,1-5,6m-5m,0-10,True,6,0.7-0.8,
PUT,0.17,2026-01-01 06:39:59,87623.4,87629.0,97.14285714309473,5-10|6m-5m|0-10,301,95,5,0.06,2026-01-01 06:43:51,,-0.11000000000000001,RSI_SIGNAL,,2026-01-01,5-10,6m-5m,0-10,False,6,0.1-0.2,90-100
CALL,0.94,2026-01-01 06:43:51,87623.4,87632.4,4.545454545093762,5-10|90s-60s|0-10,69,95,5,1.0,2026-01-01 06:45:00,87629.0,0.06000000000000005,EXPIRATION,True,2026-01-01,5-10,90s-60s,0-10,True,6,0.9-1.0,0-10
PUT,0.45,2026-01-01 06:45:23,87629.0,87633.0,95.45454545430493,1-5|15m-13m|10-20,877,95,5,0.49,2026-01-01 06:46:06,,0.03999999999999998,RSI_SIGNAL,,2026-01-01,1-5,15m-13m,10-20,True,6,0.4-0.5,90-100
CALL,0.51,2026-01-01 06:46:06,87629.0,87627.1,3.418803418990521,1-5|15m-13m|10-20,834,95,5,0.44,2026-01-01 06:51:42,,-0.07,RSI_SIGNAL,,2026-01-01,1-5,15m-13m,10-20,False,6,0.5-0.6,0-10
PUT,0.56,2026-01-01 06:51:42,87629.0,87619.3,100.0,5-10|9m-8m|0-10,498,95,5,0.57,2026-01-01 06:56:00,,0.009999999999999898,RSI_SIGNAL,,2026-01-01,5-10,9m-8m,0-10,True,6,0.5-0.6,90-100
CALL,0.43,2026-01-01 06:56:00,87629.0,87626.3,0.0,1-5|5m-4m|10-20,240,95,5,0.06,2026-01-01 06:59:20,,-0.37,RSI_SIGNAL,,2026-01-01,1-5,5m-4m,10-20,False,6,0.4-0.5,
PUT,0.94,2026-01-01 06:59:20,87629.0,87611.5,100.0,10-20|60s-40s|10-20,40,95,5,1.0,2026-01-01 07:00:00,87611.4,0.06000000000000005,EXPIRATION,True,2026-01-01,10-20,60s-40s,10-20,True,6,0.9-1.0,90-100
PUT,0.41,2026-01-01 07:00:49,87616.36,87617.5,98.41269841261042,1-5|15m-13m|0-10,851,95,5,0.54,2026-01-01 07:03:05,,0.13000000000000006,RSI_SIGNAL,,2026-01-01,1-5,15m-13m,0-10,True,7,0.4-0.5,90-100
CALL,0.46,2026-01-01 07:03:05,87616.36,87611.5,2.247191011360883,1-5|13m-11m|0-10,715,80,20,0.52,2026-01-01 07:04:47,,0.06,RSI_SIGNAL,,2026-01-01,1-5,13m-11m,0-10,True,7,0.4-0.5,0-10
PUT,0.48,2026-01-01 07:04:47,87616.36,87612.4,83.33333333252489,1-5|11m-10m|0-10,613,75,25,0.32,2026-01-01 07:07:14,,-0.15999999999999998,RSI_SIGNAL,,2026-01-01,1-5,11m-10m,0-10,False,7,0.4-0.5,80-90
CALL,0.68,2026-01-01 07:07:14,87616.36,87627.3,39.99999999999999,10-20|8m-7m|0-10,466,70,40,0.71,2026-01-01 07:08:08,,0.029999999999999916,RSI_SIGNAL,,2026-01-01,10-20,8m-7m,0-10,True,7,0.6-0.7,30-40
PUT,0.29,2026-01-01 07:08:08,87616.36,87629.0,83.33333333434388,10-20|7m-6m|0-10,412,70,35,0.3,2026-01-01 07:09:22,,0.010000000000000009,RSI_SIGNAL,,2026-01-01,10-20,7m-6m,0-10,True,7,0.2-0.3,80-90
CALL,0.7,2026-01-01 07:09:22,87616.36,87629.5,3.669724770838158,10-20|6m-5m|10-20,338,70,30,0.04,2026-01-01 07:12:20,,-0.6599999999999999,RSI_SIGNAL,,2026-01-01,10-20,6m-5m,10-20,False,7,0.6-0.7,0-10
PUT,0.96,2026-01-01 07:12:20,87616.36,87580.5,96.24060150386141,20-40|3m-2m|60-90,160,70,15,0.98,2026-01-01 07:13:51,,0.020000000000000018,RSI_SIGNAL,,2026-01-01,20-40,3m-2m,60-90,True,7,0.9-1.0,90-100
PUT,0.96,2026-01-01 07:14:29,87616.36,87599.9,93.68421052598686,10-20|40s-30s|10-20,31,75,5,1.0,2026-01-01 07:15:00,87605.5,0.040000000000000036,EXPIRATION,True,2026-01-01,10-20,40s-30s,10-20,True,7,0.9-1.0,90-100
PUT,0.31,2026-01-01 07:15:20,87605.5,87622.0,98.82352941169825,10-20|15m-13m|30-40,880,80,5,0.37,2026-01-01 07:18:30,,0.06,RSI_SIGNAL,,2026-01-01,10-20,15m-13m,30-40,True,7,0.3-0.4,90-100
CALL,0.63,2026-01-01 07:18:30,87605.5,87612.9,3.2000000001713715,5-10|13m-11m|10-20,690,90,5,0.77,2026-01-01 07:19:46,,0.14,RSI_SIGNAL,,2026-01-01,5-10,13m-11m,10-20,True,7,0.6-0.7,0-10
PUT,0.23,2026-01-01 07:19:46,87605.5,87626.0,96.45390070950899,20-40|11m-10m|10-20,614,95,5,0.39,2026-01-01 07:20:33,,0.16,RSI_SIGNAL,,2026-01-01,20-40,11m-10m,10-20,True,7,0.2-0.3,90-100
CALL,0.61,2026-01-01 07:20:33,87605.5,87611.3,1.8987341771446609,5-10|10m-9m|10-20,567,95,5,0.75,2026-01-01 07:24:30,,0.14,RSI_SIGNAL,,2026-01-01,5-10,10m-9m,10-20,True,7,0.6-0.7,0-10
PUT,0.25,2026-01-01 07:24:30,87605.5,87620.4,95.08196721328683,10-20|6m-5m|0-10,330,95,5,0.36,2026-01-01 07:24:45,,0.10999999999999999,RSI_SIGNAL,,2026-01-01,10-20,6m-5m,0-10,True,7,0.2-0.3,90-100
CALL,0.64,2026-01-01 07:24:45,87605.5,87613.7,1.4492753621965875,5-10|6m-5m|0-10,315,95,5,0.43,2026-01-01 07:27:20,,-0.21000000000000002,RSI_SIGNAL,,2026-01-01,5-10,6m-5m,0-10,False,7,0.6-0.7,0-10
PUT,0.57,2026-01-01 07:27:20,87605.5,87595.4,96.66666666648558,10-20|3m-2m|30-40,160,95,5,1.0,2026-01-01 07:30:00,87561.0,0.43000000000000005,EXPIRATION,True,2026-01-01,10-20,3m-2m,30-40,True,7,0.5-0.6,90-100
PUT,0.22,2026-01-01 07:30:34,87564.24,87594.8,97.74011299430337,20-40|15m-13m|30-40,866,95,5,0.13,2026-01-01 07:36:36,,-0.09,RSI_SIGNAL,,2026-01-01,20-40,15m-13m,30-40,False,7,0.2-0.3,90-100
CALL,0.87,2026-01-01 07:36:36,87564.24,87600.2,3.9473684210879014,20-40|9m-8m|30-40,504,95,5,0.94,2026-01-01 07:37:44,,0.06999999999999995,RSI_SIGNAL,,2026-01-01,20-40,9m-8m,30-40,True,7,0.8-0.9,0-10
PUT,0.06,2026-01-01 07:37:44,87564.24,87619.5,98.98989898998511,40-80|8m-7m|10-20,436,95,5,0.04,2026-01-01 07:39:16,,-0.019999999999999997,RSI_SIGNAL,,2026-01-01,40-80,8m-7m,10-20,False,7,0.0-0.1,90-100
CALL,0.96,2026-01-01 07:39:16,87564.24,87607.2,1.2448132780789507,40-80|6m-5m|20-30,344,95,5,1.0,2026-01-01 07:45:00,87590.1,0.040000000000000036,EXPIRATION,True,2026-01-01,40-80,6m-5m,20-30,True,7,0.9-1.0,0-10
PUT,0.44,2026-01-01 07:46:29,87596.57,87602.3,98.17073170747128,5-10|15m-13m|10-20,811,95,5,0.21,2026-01-01 07:51:03,,-0.23,RSI_SIGNAL,,2026-01-01,5-10,15m-13m,10-20,False,7,0.4-0.5,90-100
CALL,0.79,2026-01-01 07:51:03,87596.57,87620.7,3.846153846017515,20-40|9m-8m|20-30,537,95,5,0.29,2026-01-01 07:56:48,,-0.5,RSI_SIGNAL,,2026-01-01,20-40,9m-8m,20-30,False,7,0.7-0.8,0-10
PUT,0.71,2026-01-01 07:56:48,87596.57,87569.2,96.55172413820789,20-40|4m-3m|40-60,192,95,5,1.0,2026-01-01 08:00:00,87586.5,0.29000000000000004,EXPIRATION,True,2026-01-01,20-40,4m-3m,40-60,True,7,0.7-0.8,90-100
PUT,0.46,2026-01-01 08:00:55,87586.5,87589.3,95.4022988504882,1-5|15m-13m|0-10,845,95,5,0.29,2026-01-01 08:03:41,,-0.17000000000000004,RSI_SIGNAL,,2026-01-01,1-5,15m-13m,0-10,False,8,0.4-0.5,90-100
CALL,0.71,2026-01-01 08:03:41,87586.5,87630.8,4.098360655848197,40-80|13m-11m|40-60,679,85,20,0.81,2026-01-01 08:05:28,,0.10000000000000009,RSI_SIGNAL,,2026-01-01,40-80,13m-11m,40-60,True,8,0.7-0.8,0-10
