period_start,period_end,pair_name,best_entry_time,best_entry_call_price,best_entry_put_price,best_entry_combined_price,minutes_to_end_at_entry,best_exit_time,best_exit_call_price,best_exit_put_price,best_exit_combined_price,minutes_to_end_at_exit,profit,profit_pct,holding_period_seconds
2025-12-18 13:15:00,2025-12-18 13:30:00,SOL_CALL+SOL_PUT,2025-12-18 13:28:58,0.02,0.99,1.01,1.03,2025-12-18 13:28:59,0.01,0.98,0.99,1.01,-0.02,-1.98,1
2025-12-18 13:30:00,2025-12-18 13:45:00,BTC_CALL+BTC_PUT,2025-12-18 13:30:07,0.72,0.26,0.98,14.88,2025-12-18 13:30:08,0.74,0.25,0.99,14.86,0.01,1.02,1
2025-12-18 13:30:00,2025-12-18 13:45:00,BTC_CALL+ETH_PUT,2025-12-18 13:32:11,0.75,0.2,0.95,12.81,2025-12-18 13:36:01,0.83,0.32,1.15,8.98,0.2,21.05,230
2025-12-18 13:30:00,2025-12-18 13:45:00,BTC_CALL+SOL_PUT,2025-12-18 13:30:05,0.68,0.3,0.98,14.91,2025-12-18 13:36:03,0.86,0.35,1.21,8.95,0.23,23.47,358
2025-12-18 13:30:00,2025-12-18 13:45:00,BTC_CALL+XRP_PUT,2025-12-18 13:30:03,0.65,0.3,0.95,14.94,2025-12-18 13:31:12,0.83,0.23,1.06,13.79,0.11,11.58,69
2025-12-18 13:30:00,2025-12-18 13:45:00,ETH_CALL+BTC_PUT,2025-12-18 13:30:07,0.58,0.26,0.84,14.88,2025-12-18 13:33:17,0.78,0.28,1.06,11.7,0.22,26.19,191
2025-12-18 13:30:00,2025-12-18 13:45:00,ETH_CALL+ETH_PUT,2025-12-18 13:30:06,0.52,0.49,1.01,14.89,2025-12-18 13:30:09,0.65,0.34,0.99,14.84,-0.02,-1.98,3
2025-12-18 13:30:00,2025-12-18 13:45:00,ETH_CALL+SOL_PUT,2025-12-18 13:30:05,0.49,0.3,0.79,14.91,2025-12-18 13:33:15,0.8,0.28,1.08,11.74,0.29,36.71,191
2025-12-18 13:30:00,2025-12-18 13:45:00,ETH_CALL+XRP_PUT,2025-12-18 13:30:03,0.49,0.3,0.79,14.94,2025-12-18 13:31:25,0.84,0.2,1.04,13.57,0.25,31.65,82
2025-12-18 13:30:00,2025-12-18 13:45:00,SOL_CALL+BTC_PUT,2025-12-18 13:36:03,0.65,0.14,0.79,8.95,2025-12-18 13:39:36,0.96,0.01,0.97,5.39,0.18,22.78,214
2025-12-18 13:30:00,2025-12-18 13:45:00,SOL_CALL+ETH_PUT,2025-12-18 13:33:15,0.72,0.2,0.9199999999999999,11.74,2025-12-18 13:35:35,0.67,0.38,1.05,9.41,0.13,14.13,139
2025-12-18 13:30:00,2025-12-18 13:45:00,SOL_CALL+SOL_PUT,2025-12-18 13:30:04,0.7,0.31,1.01,14.93,2025-12-18 13:30:09,0.75,0.24,0.99,14.84,-0.02,-1.98,5
2025-12-18 13:30:00,2025-12-18 13:45:00,SOL_CALL+XRP_PUT,2025-12-18 13:35:43,0.63,0.16,0.79,9.28,2025-12-18 13:39:50,0.97,0.02,0.99,5.15,0.2,25.32,248
2025-12-18 13:30:00,2025-12-18 13:45:00,XRP_CALL+BTC_PUT,2025-12-18 13:30:40,0.83,0.11,0.94,14.33,2025-12-18 13:33:04,0.9,0.16,1.06,11.92,0.12,12.77,144
2025-12-18 13:30:00,2025-12-18 13:45:00,XRP_CALL+ETH_PUT,2025-12-18 13:31:25,0.8,0.16,0.9600000000000001,13.57,2025-12-18 13:35:53,0.81,0.34,1.1500000000000001,9.11,0.19,19.79,268
2025-12-18 13:30:00,2025-12-18 13:45:00,XRP_CALL+SOL_PUT,2025-12-18 13:31:24,0.8,0.16,0.9600000000000001,13.59,2025-12-18 13:35:43,0.84,0.37,1.21,9.28,0.25,26.04,259
2025-12-18 13:30:00,2025-12-18 13:45:00,XRP_CALL+XRP_PUT,2025-12-18 13:30:06,0.71,0.3,1.01,14.89,2025-12-18 13:30:09,0.76,0.23,0.99,14.84,-0.02,-1.98,3
2025-12-18 13:45:00,2025-12-18 14:00:00,BTC_CALL+BTC_PUT,2025-12-18 13:45:01,0.44,0.57,1.01,14.97,2025-12-18 13:45:04,0.41,0.58,0.99,14.92,-0.02,-1.98,3
2025-12-18 13:45:00,2025-12-18 14:00:00,BTC_CALL+ETH_PUT,2025-12-18 13:49:36,0.69,0.1,0.7899999999999999,10.39,2025-12-18 13:52:26,0.9,0.06,0.96,7.56,0.17,21.52,169
2025-12-18 13:45:00,2025-12-18 14:00:00,BTC_CALL+SOL_PUT,2025-12-18 13:56:25,0.56,0.13,0.6900000000000001,3.57,2025-12-18 13:56:48,0.79,0.16,0.9500000000000001,3.19,0.26,37.68,23
2025-12-18 13:45:00,2025-12-18 14:00:00,BTC_CALL+XRP_PUT,2025-12-18 13:45:09,0.43,0.55,0.98,14.85,2025-12-18 13:59:13,0.83,0.98,1.81,0.78,0.83,84.69,844
2025-12-18 13:45:00,2025-12-18 14:00:00,ETH_CALL+BTC_PUT,2025-12-18 13:46:23,0.52,0.37,0.89,13.61,2025-12-18 13:56:28,0.98,0.46,1.44,3.52,0.55,61.8,606
2025-12-18 13:45:00,2025-12-18 14:00:00,ETH_CALL+ETH_PUT,2025-12-18 13:45:01,0.45,0.56,1.01,14.97,2025-12-18 13:45:02,0.45,0.54,0.99,14.95,-0.02,-1.98,1
2025-12-18 13:45:00,2025-12-18 14:00:00,ETH_CALL+SOL_PUT,2025-12-18 13:46:22,0.5,0.33,0.8300000000000001,13.63,2025-12-18 13:55:35,0.97,0.23,1.2,4.41,0.37,44.58,553
2025-12-18 13:45:00,2025-12-18 14:00:00,ETH_CALL+XRP_PUT,2025-12-18 13:46:14,0.45,0.48,0.9299999999999999,13.76,2025-12-18 13:56:29,0.98,0.76,1.74,3.5,0.81,87.1,616
2025-12-18 13:45:00,2025-12-18 14:00:00,SOL_CALL+BTC_PUT,2025-12-18 13:48:48,0.67,0.29,0.96,11.19,2025-12-18 13:57:53,0.97,0.36,1.33,2.1,0.37,38.54,545
2025-12-18 13:45:00,2025-12-18 14:00:00,SOL_CALL+ETH_PUT,2025-12-18 13:45:02,0.44,0.55,0.99,14.95,2025-12-18 13:46:22,0.67,0.5,1.17,13.63,0.18,18.18,79
2025-12-18 13:45:00,2025-12-18 14:00:00,SOL_CALL+SOL_PUT,2025-12-18 13:45:02,0.44,0.57,1.01,14.95,2025-12-18 13:45:03,0.43,0.56,0.99,14.93,-0.02,-1.98,1
2025-12-18 13:45:00,2025-12-18 14:00:00,SOL_CALL+XRP_PUT,2025-12-18 13:46:09,0.56,0.47,1.03,13.85,2025-12-18 13:58:47,0.98,0.92,1.9,1.22,0.87,84.47,758
2025-12-18 13:45:00,2025-12-18 14:00:00,XRP_CALL+BTC_PUT,2025-12-18 13:48:53,0.58,0.26,0.84,11.11,2025-12-18 13:49:03,0.77,0.23,1.0,10.94,0.16,19.05,10
2025-12-18 13:45:00,2025-12-18 14:00:00,XRP_CALL+ETH_PUT,2025-12-18 13:51:00,0.45,0.17,0.62,8.99,2025-12-18 13:52:26,0.73,0.06,0.79,7.56,0.17,27.42,85
2025-12-18 13:45:00,2025-12-18 14:00:00,XRP_CALL+SOL_PUT,2025-12-18 13:52:58,0.5,0.13,0.63,7.03,2025-12-18 13:53:32,0.6,0.16,0.76,6.46,0.13,20.63,34
2025-12-18 13:45:00,2025-12-18 14:00:00,XRP_CALL+XRP_PUT,2025-12-18 13:45:08,0.46,0.55,1.01,14.87,2025-12-18 13:45:09,0.45,0.54,0.99,14.85,-0.02,-1.98,1
2025-12-18 14:00:00,2025-12-18 14:15:00,BTC_CALL+BTC_PUT,2025-12-18 14:00:02,0.49,0.52,1.01,14.97,2025-12-18 14:03:55,0.74,0.26,1.0,11.07,-0.01,-0.99,234
2025-12-18 14:00:00,2025-12-18 14:15:00,BTC_CALL+ETH_PUT,2025-12-18 14:11:13,0.26,0.4,0.66,3.77,2025-12-18 14:12:18,0.02,0.97,0.99,2.68,0.33,50.0,65
2025-12-18 14:00:00,2025-12-18 14:15:00,BTC_CALL+SOL_PUT,2025-12-18 14:11:17,0.23,0.15,0.38,3.7,2025-12-18 14:12:22,0.01,0.95,0.96,2.62,0.58,152.63,65
2025-12-18 14:00:00,2025-12-18 14:15:00,BTC_CALL+XRP_PUT,2025-12-18 14:09:48,0.59,0.24,0.83,5.19,2025-12-18 14:11:38,0.17,0.92,1.09,3.35,0.26,31.33,110
2025-12-18 14:00:00,2025-12-18 14:15:00,ETH_CALL+BTC_PUT,2025-12-18 14:00:20,0.49,0.38,0.87,14.66,2025-12-18 14:11:13,0.6,0.74,1.3399999999999999,3.77,0.47,54.02,654
2025-12-18 14:00:00,2025-12-18 14:15:00,ETH_CALL+ETH_PUT,2025-12-18 14:00:02,0.48,0.53,1.01,14.97,2025-12-18 14:10:04,0.67,0.33,1.0,4.92,-0.01,-0.99,603
2025-12-18 14:00:00,2025-12-18 14:15:00,ETH_CALL+SOL_PUT,2025-12-18 14:11:17,0.47,0.15,0.62,3.7,2025-12-18 14:12:31,0.02,0.96,0.98,2.47,0.36,58.06,74
2025-12-18 14:00:00,2025-12-18 14:15:00,ETH_CALL+XRP_PUT,2025-12-18 14:00:26,0.48,0.37,0.85,14.56,2025-12-18 14:11:32,0.46,0.85,1.31,3.45,0.46,54.12,667
2025-12-18 14:00:00,2025-12-18 14:15:00,SOL_CALL+BTC_PUT,2025-12-18 14:01:26,0.84,0.16,1.0,13.56,2025-12-18 14:11:17,0.85,0.77,1.62,3.7,0.62,62.0,591
2025-12-18 14:00:00,2025-12-18 14:15:00,SOL_CALL+ETH_PUT,2025-12-18 14:01:28,0.84,0.18,1.02,13.53,2025-12-18 14:11:17,0.85,0.53,1.38,3.7,0.36,35.29,589
2025-12-18 14:00:00,2025-12-18 14:15:00,SOL_CALL+SOL_PUT,2025-12-18 14:00:08,0.61,0.4,1.01,14.86,2025-12-18 14:01:01,0.73,0.26,0.99,13.98,-0.02,-1.98,53
2025-12-18 14:00:00,2025-12-18 14:15:00,SOL_CALL+XRP_PUT,2025-12-18 14:01:57,0.85,0.11,0.96,13.04,2025-12-18 14:11:17,0.85,0.73,1.58,3.7,0.62,64.58,560
2025-12-18 14:00:00,2025-12-18 14:15:00,XRP_CALL+BTC_PUT,2025-12-18 14:00:01,0.01,0.01,0.02,14.98,2025-12-18 14:09:48,0.76,0.41,1.17,5.19,1.15,5750.0,587
2025-12-18 14:00:00,2025-12-18 14:15:00,XRP_CALL+ETH_PUT,2025-12-18 14:00:01,0.01,0.01,0.02,14.98,2025-12-18 14:00:26,0.63,0.52,1.15,14.56,1.13,5650.0,25
2025-12-18 14:00:00,2025-12-18 14:15:00,XRP_CALL+SOL_PUT,2025-12-18 14:00:01,0.01,0.01,0.02,14.98,2025-12-18 14:01:57,0.89,0.15,1.04,13.04,1.02,5100.0,116
2025-12-18 14:00:00,2025-12-18 14:15:00,XRP_CALL+XRP_PUT,2025-12-18 14:00:02,0.51,0.5,1.01,14.97,2025-12-18 14:00:10,0.6,0.39,0.99,14.83,-0.02,-1.98,8
2025-12-18 14:15:00,2025-12-18 14:30:00,BTC_CALL+BTC_PUT,2025-12-18 14:15:01,0.52,0.49,1.01,14.97,2025-12-18 14:15:02,0.5,0.49,0.99,14.95,-0.02,-1.98,1
2025-12-18 14:15:00,2025-12-18 14:30:00,BTC_CALL+ETH_PUT,2025-12-18 14:17:00,0.73,0.17,0.9,13.0,2025-12-18 14:25:21,0.96,0.02,0.98,4.64,0.08,8.89,501
2025-12-18 14:15:00,2025-12-18 14:30:00,BTC_CALL+SOL_PUT,2025-12-18 14:16:34,0.72,0.22,0.94,13.43,2025-12-18 14:23:03,0.94,0.11,1.05,6.95,0.11,11.7,389
2025-12-18 14:15:00,2025-12-18 14:30:00,BTC_CALL+XRP_PUT,2025-12-18 14:16:44,0.74,0.18,0.9199999999999999,13.26,2025-12-18 14:17:23,0.79,0.19,0.98,12.61,0.06,6.52,39
2025-12-18 14:15:00,2025-12-18 14:30:00,ETH_CALL+BTC_PUT,2025-12-18 14:15:08,0.62,0.38,1.0,14.85,2025-12-18 14:17:00,0.83,0.27,1.1,13.0,0.1,10.0,111
2025-12-18 14:15:00,2025-12-18 14:30:00,ETH_CALL+ETH_PUT,2025-12-18 14:15:01,0.52,0.49,1.01,14.97,2025-12-18 14:15:02,0.51,0.48,0.99,14.95,-0.02,-1.98,1
2025-12-18 14:15:00,2025-12-18 14:30:00,ETH_CALL+SOL_PUT,2025-12-18 14:15:08,0.62,0.4,1.02,14.85,2025-12-18 14:22:50,0.97,0.12,1.0899999999999999,7.16,0.07,6.86,461
2025-12-18 14:15:00,2025-12-18 14:30:00,ETH_CALL+XRP_PUT,2025-12-18 14:15:45,0.68,0.3,0.98,14.25,2025-12-18 14:16:37,0.81,0.23,1.04,13.38,0.06,6.12,52
2025-12-18 14:15:00,2025-12-18 14:30:00,SOL_CALL+BTC_PUT,2025-12-18 14:15:36,0.65,0.31,0.96,14.4,2025-12-18 14:16:19,0.74,0.32,1.06,13.68,0.1,10.42,43
2025-12-18 14:15:00,2025-12-18 14:30:00,SOL_CALL+ETH_PUT,2025-12-18 14:22:50,0.88,0.03,0.91,7.16,2025-12-18 14:25:18,0.96,0.02,0.98,4.69,0.07,7.69,148
2025-12-18 14:15:00,2025-12-18 14:30:00,SOL_CALL+SOL_PUT,2025-12-18 14:15:05,0.54,0.47,1.01,14.9,2025-12-18 14:16:34,0.78,0.21,0.99,13.43,-0.02,-1.98,88
2025-12-18 14:15:00,2025-12-18 14:30:00,SOL_CALL+XRP_PUT,2025-12-18 14:15:58,0.66,0.29,0.95,14.03,2025-12-18 14:16:34,0.78,0.23,1.01,13.43,0.06,6.32,36
2025-12-18 14:15:00,2025-12-18 14:30:00,XRP_CALL+BTC_PUT,2025-12-18 14:15:36,0.66,0.31,0.97,14.4,2025-12-18 14:16:19,0.76,0.32,1.08,13.68,0.11,11.34,43
2025-12-18 14:15:00,2025-12-18 14:30:00,XRP_CALL+ETH_PUT,2025-12-18 14:15:37,0.66,0.29,0.95,14.38,2025-12-18 14:15:45,0.7,0.32,1.02,14.25,0.07,7.37,8
2025-12-18 14:15:00,2025-12-18 14:30:00,XRP_CALL+SOL_PUT,2025-12-18 14:15:38,0.66,0.33,0.99,14.37,2025-12-18 14:15:58,0.71,0.34,1.05,14.03,0.06,6.06,20
2025-12-18 14:15:00,2025-12-18 14:30:00,XRP_CALL+XRP_PUT,2025-12-18 14:16:04,0.77,0.24,1.01,13.93,2025-12-18 14:16:05,0.76,0.23,0.99,13.91,-0.02,-1.98,1
2025-12-18 14:30:00,2025-12-18 14:45:00,BTC_CALL+BTC_PUT,2025-12-18 14:30:02,0.51,0.5,1.01,14.95,2025-12-18 14:30:04,0.42,0.57,0.99,14.92,-0.02,-1.98,2
2025-12-18 14:30:00,2025-12-18 14:45:00,BTC_CALL+ETH_PUT,2025-12-18 14:30:26,0.43,0.54,0.97,14.57,2025-12-18 14:33:59,0.4,0.74,1.1400000000000001,11.01,0.17,17.53,214
2025-12-18 14:30:00,2025-12-18 14:45:00,BTC_CALL+SOL_PUT,2025-12-18 14:32:55,0.57,0.31,0.8799999999999999,12.08,2025-12-18 14:35:05,0.49,0.62,1.1099999999999999,9.9,0.23,26.14,130
2025-12-18 14:30:00,2025-12-18 14:45:00,BTC_CALL+XRP_PUT,2025-12-18 14:30:07,0.42,0.51,0.9299999999999999,14.87,2025-12-18 14:35:05,0.49,0.75,1.24,9.9,0.31,33.33,298
2025-12-18 14:30:00,2025-12-18 14:45:00,ETH_CALL+BTC_PUT,2025-12-18 14:33:59,0.26,0.6,0.86,11.01,2025-12-18 14:37:04,0.22,0.83,1.05,7.93,0.19,22.09,184
2025-12-18 14:30:00,2025-12-18 14:45:00,ETH_CALL+ETH_PUT,2025-12-18 14:30:01,0.49,0.52,1.01,14.97,2025-12-18 14:37:14,0.17,0.83,1.0,7.77,-0.01,-0.99,432
2025-12-18 14:30:00,2025-12-18 14:45:00,ETH_CALL+SOL_PUT,2025-12-18 14:32:55,0.53,0.31,0.8400000000000001,12.08,2025-12-18 14:37:56,0.24,0.81,1.05,7.06,0.21,25.0,301
2025-12-18 14:30:00,2025-12-18 14:45:00,ETH_CALL+XRP_PUT,2025-12-18 14:30:04,0.4,0.51,0.91,14.92,2025-12-18 14:38:02,0.34,0.82,1.16,6.96,0.25,27.47,477
2025-12-18 14:30:00,2025-12-18 14:45:00,SOL_CALL+BTC_PUT,2025-12-18 14:32:02,0.61,0.31,0.9199999999999999,12.96,2025-12-18 14:32:55,0.69,0.43,1.1199999999999999,12.08,0.2,21.74,53
2025-12-18 14:30:00,2025-12-18 14:45:00,SOL_CALL+ETH_PUT,2025-12-18 14:30:54,0.66,0.33,0.99,14.1,2025-12-18 14:32:55,0.69,0.47,1.16,12.08,0.17,17.17,121
2025-12-18 14:30:00,2025-12-18 14:45:00,SOL_CALL+SOL_PUT,2025-12-18 14:30:01,0.51,0.5,1.01,14.97,2025-12-18 14:33:41,0.45,0.57,1.02,11.31,0.01,0.99,220
2025-12-18 14:30:00,2025-12-18 14:45:00,SOL_CALL+XRP_PUT,2025-12-18 14:30:04,0.5,0.51,1.01,14.92,2025-12-18 14:32:54,0.69,0.6,1.29,12.09,0.28,27.72,169
2025-12-18 14:30:00,2025-12-18 14:45:00,XRP_CALL+BTC_PUT,2025-12-18 14:35:04,0.29,0.48,0.77,9.92,2025-12-18 14:41:42,0.09,0.95,1.04,3.29,0.27,35.06,398
2025-12-18 14:30:00,2025-12-18 14:45:00,XRP_CALL+ETH_PUT,2025-12-18 14:33:01,0.43,0.42,0.85,11.98,2025-12-18 14:33:59,0.35,0.74,1.0899999999999999,11.01,0.24,28.24,58
2025-12-18 14:30:00,2025-12-18 14:45:00,XRP_CALL+SOL_PUT,2025-12-18 14:32:54,0.4,0.31,0.71,12.09,2025-12-18 14:41:40,0.09,0.93,1.02,3.32,0.31,43.66,526
2025-12-18 14:30:00,2025-12-18 14:45:00,XRP_CALL+XRP_PUT,2025-12-18 14:30:09,0.42,0.59,1.01,14.83,2025-12-18 14:30:20,0.49,0.5,0.99,14.65,-0.02,-1.98,11
2025-12-18 14:45:00,2025-12-18 15:00:00,BTC_CALL+BTC_PUT,2025-12-18 14:51:13,0.83,0.18,1.01,8.77,2025-12-18 14:51:14,0.82,0.17,0.99,8.75,-0.02,-1.98,1
2025-12-18 14:45:00,2025-12-18 15:00:00,BTC_CALL+ETH_PUT,2025-12-18 14:51:36,0.84,0.17,1.01,8.39,2025-12-18 14:52:03,0.83,0.22,1.05,7.94,0.04,3.96,27
2025-12-18 14:45:00,2025-12-18 15:00:00,BTC_CALL+SOL_PUT,2025-12-18 14:52:01,0.81,0.16,0.9700000000000001,7.97,2025-12-18 14:52:03,0.83,0.2,1.03,7.94,0.06,6.19,2
2025-12-18 14:45:00,2025-12-18 15:00:00,BTC_CALL+XRP_PUT,2025-12-18 14:51:19,0.81,0.26,1.07,8.67,2025-12-18 14:52:58,0.91,0.2,1.11,7.03,0.04,3.74,98
2025-12-18 14:45:00,2025-12-18 15:00:00,ETH_CALL+BTC_PUT,2025-12-18 14:52:46,0.84,0.11,0.95,7.22,2025-12-18 14:53:23,0.92,0.06,0.98,6.62,0.03,3.16,36
2025-12-18 14:45:00,2025-12-18 15:00:00,ETH_CALL+ETH_PUT,2025-12-18 14:51:15,0.79,0.22,1.01,8.74,2025-12-18 14:51:21,0.78,0.21,0.99,8.64,-0.02,-1.98,6
2025-12-18 14:45:00,2025-12-18 15:00:00,ETH_CALL+SOL_PUT,2025-12-18 14:53:07,0.84,0.09,0.9299999999999999,6.88,2025-12-18 14:55:39,0.98,0.03,1.01,4.34,0.08,8.6,152
2025-12-18 14:45:00,2025-12-18 15:00:00,ETH_CALL+XRP_PUT,2025-12-18 14:51:17,0.78,0.26,1.04,8.7,2025-12-18 14:51:41,0.85,0.23,1.08,8.3,0.04,3.85,24
2025-12-18 14:45:00,2025-12-18 15:00:00,SOL_CALL+BTC_PUT,2025-12-18 14:51:13,0.79,0.18,0.97,8.77,2025-12-18 14:52:01,0.84,0.19,1.03,7.97,0.06,6.19,48
2025-12-18 14:45:00,2025-12-18 15:00:00,SOL_CALL+ETH_PUT,2025-12-18 14:51:41,0.85,0.15,1.0,8.3,2025-12-18 14:52:01,0.84,0.23,1.07,7.97,0.07,7.0,20
2025-12-18 14:45:00,2025-12-18 15:00:00,SOL_CALL+SOL_PUT,2025-12-18 14:51:37,0.85,0.16,1.01,8.37,2025-12-18 14:51:38,0.84,0.15,0.99,8.35,-0.02,-1.98,1
2025-12-18 14:45:00,2025-12-18 15:00:00,SOL_CALL+XRP_PUT,2025-12-18 14:51:16,0.79,0.26,1.05,8.72,2025-12-18 14:52:59,0.9,0.2,1.1,7.02,0.05,4.76,102
2025-12-18 14:45:00,2025-12-18 15:00:00,XRP_CALL+BTC_PUT,2025-12-18 14:52:58,0.8,0.09,0.89,7.03,2025-12-18 14:56:26,0.98,0.0,0.98,3.56,0.09,10.11,209
2025-12-18 14:45:00,2025-12-18 15:00:00,XRP_CALL+ETH_PUT,2025-12-18 14:51:41,0.77,0.15,0.92,8.3,2025-12-18 14:56:26,0.98,0.01,0.99,3.56,0.07,7.61,285
2025-12-18 14:45:00,2025-12-18 15:00:00,XRP_CALL+SOL_PUT,2025-12-18 14:52:59,0.8,0.1,0.9,7.02,2025-12-18 14:57:04,0.98,0.01,0.99,2.92,0.09,10.0,246
2025-12-18 14:45:00,2025-12-18 15:00:00,XRP_CALL+XRP_PUT,2025-12-18 14:53:22,0.9,0.11,1.01,6.63,2025-12-18 14:53:23,0.89,0.1,0.99,6.62,-0.02,-1.98,1
2025-12-18 15:00:00,2025-12-18 15:15:00,BTC_CALL+BTC_PUT,2025-12-18 15:00:01,0.49,0.52,1.01,14.97,2025-12-18 15:00:02,0.45,0.54,0.99,14.96,-0.02,-1.98,1
2025-12-18 15:00:00,2025-12-18 15:15:00,BTC_CALL+ETH_PUT,2025-12-18 15:00:02,0.46,0.54,1.0,14.96,2025-12-18 15:01:47,0.55,0.63,1.1800000000000002,13.2,0.18,18.0,105
2025-12-18 15:00:00,2025-12-18 15:15:00,BTC_CALL+SOL_PUT,2025-12-18 15:12:15,0.12,0.16,0.28,2.74,2025-12-18 15:14:24,0.0,0.72,0.72,0.6,0.44,157.14,128
2025-12-18 15:00:00,2025-12-18 15:15:00,BTC_CALL+XRP_PUT,2025-12-18 15:11:44,0.28,0.48,0.76,3.26,2025-12-18 15:13:00,0.1,0.9,1.0,1.98,0.24,31.58,76
2025-12-18 15:00:00,2025-12-18 15:15:00,ETH_CALL+BTC_PUT,2025-12-18 15:01:47,0.37,0.45,0.8200000000000001,13.2,2025-12-18 15:12:00,0.35,0.75,1.1,2.99,0.28,34.15,613
2025-12-18 15:00:00,2025-12-18 15:15:00,ETH_CALL+ETH_PUT,2025-12-18 15:00:02,0.47,0.54,1.01,14.96,2025-12-18 15:00:05,0.48,0.51,0.99,14.91,-0.02,-1.98,3
2025-12-18 15:00:00,2025-12-18 15:15:00,ETH_CALL+SOL_PUT,2025-12-18 15:12:13,0.17,0.16,0.33,2.77,2025-12-18 15:14:24,0.0,0.72,0.72,0.6,0.39,118.18,130
2025-12-18 15:00:00,2025-12-18 15:15:00,ETH_CALL+XRP_PUT,2025-12-18 15:04:03,0.3,0.52,0.8200000000000001,10.95,2025-12-18 15:10:02,0.74,0.33,1.07,4.96,0.25,30.49,359
2025-12-18 15:00:00,2025-12-18 15:15:00,SOL_CALL+BTC_PUT,2025-12-18 15:01:47,0.39,0.45,0.8400000000000001,13.2,2025-12-18 15:12:15,0.84,0.88,1.72,2.74,0.88,104.76,628
2025-12-18 15:00:00,2025-12-18 15:15:00,SOL_CALL+ETH_PUT,2025-12-18 15:01:49,0.38,0.58,0.96,13.17,2025-12-18 15:12:13,0.84,0.83,1.67,2.77,0.71,73.96,624
2025-12-18 15:00:00,2025-12-18 15:15:00,SOL_CALL+SOL_PUT,2025-12-18 15:00:00,0.99,0.02,1.01,14.99,2025-12-18 15:00:09,0.49,0.5,0.99,14.84,-0.02,-1.98,9
2025-12-18 15:00:00,2025-12-18 15:15:00,SOL_CALL+XRP_PUT,2025-12-18 15:01:46,0.45,0.48,0.9299999999999999,13.22,2025-12-18 15:14:57,0.98,0.95,1.93,0.05,1.0,107.53,790
2025-12-18 15:00:00,2025-12-18 15:15:00,XRP_CALL+BTC_PUT,2025-12-18 15:05:54,0.42,0.47,0.8899999999999999,9.09,2025-12-18 15:11:44,0.52,0.72,1.24,3.26,0.35,39.33,350
2025-12-18 15:00:00,2025-12-18 15:15:00,XRP_CALL+ETH_PUT,2025-12-18 15:10:02,0.67,0.26,0.93,4.96,2025-12-18 15:11:42,0.52,0.68,1.2000000000000002,3.29,0.27,29.03,100
2025-12-18 15:00:00,2025-12-18 15:15:00,XRP_CALL+SOL_PUT,2025-12-18 15:05:25,0.31,0.21,0.52,9.57,2025-12-18 15:07:59,0.88,0.02,0.9,7.02,0.38,73.08,153
2025-12-18 15:00:00,2025-12-18 15:15:00,XRP_CALL+XRP_PUT,2025-12-18 15:00:09,0.5,0.51,1.01,14.84,2025-12-18 15:01:41,0.54,0.45,0.99,13.3,-0.02,-1.98,92
2025-12-18 15:15:00,2025-12-18 15:30:00,BTC_CALL+BTC_PUT,2025-12-18 15:23:58,0.73,0.27,1.0,6.02,2025-12-18 15:24:00,0.7,0.29,0.99,5.99,-0.01,-1.0,2
2025-12-18 15:15:00,2025-12-18 15:30:00,BTC_CALL+ETH_PUT,2025-12-18 15:23:50,0.69,0.06,0.75,6.16,2025-12-18 15:26:41,0.98,0.0,0.98,3.31,0.23,30.67,171
2025-12-18 15:15:00,2025-12-18 15:30:00,BTC_CALL+SOL_PUT,2025-12-18 15:21:24,0.56,0.05,0.6100000000000001,8.6,2025-12-18 15:26:41,0.98,0.0,0.98,3.31,0.37,60.66,317
2025-12-18 15:15:00,2025-12-18 15:30:00,BTC_CALL+XRP_PUT,2025-12-18 15:20:25,0.52,0.25,0.77,9.57,2025-12-18 15:26:41,0.98,0.01,0.99,3.31,0.22,28.57,375
2025-12-18 15:15:00,2025-12-18 15:30:00,ETH_CALL+BTC_PUT,2025-12-18 15:15:38,0.6,0.38,0.98,14.37,2025-12-18 15:23:50,0.94,0.31,1.25,6.16,0.27,27.55,493
2025-12-18 15:15:00,2025-12-18 15:30:00,ETH_CALL+ETH_PUT,2025-12-18 15:15:04,0.52,0.49,1.01,14.92,2025-12-18 15:15:05,0.51,0.48,0.99,14.9,-0.02,-1.98,1
2025-12-18 15:15:00,2025-12-18 15:30:00,ETH_CALL+SOL_PUT,2025-12-18 15:18:19,0.56,0.22,0.78,11.67,2025-12-18 15:24:31,0.97,0.02,0.99,5.47,0.21,26.92,372
2025-12-18 15:15:00,2025-12-18 15:30:00,ETH_CALL+XRP_PUT,2025-12-18 15:17:38,0.53,0.43,0.96,12.36,2025-12-18 15:18:38,0.65,0.45,1.1,11.36,0.14,14.58,60
2025-12-18 15:15:00,2025-12-18 15:30:00,SOL_CALL+BTC_PUT,2025-12-18 15:15:38,0.5,0.38,0.88,14.37,2025-12-18 15:21:24,0.95,0.44,1.39,8.6,0.51,57.95,346
2025-12-18 15:15:00,2025-12-18 15:30:00,SOL_CALL+ETH_PUT,2025-12-18 15:15:46,0.55,0.36,0.91,14.23,2025-12-18 15:20:25,0.89,0.35,1.24,9.57,0.33,36.26,280
2025-12-18 15:15:00,2025-12-18 15:30:00,SOL_CALL+SOL_PUT,2025-12-18 15:15:09,0.47,0.54,1.01,14.83,2025-12-18 15:15:58,0.62,0.37,0.99,14.03,-0.02,-1.98,48
2025-12-18 15:15:00,2025-12-18 15:30:00,SOL_CALL+XRP_PUT,2025-12-18 15:15:01,0.5,0.46,0.96,14.97,2025-12-18 15:18:41,0.83,0.45,1.28,11.31,0.32,33.33,220
2025-12-18 15:15:00,2025-12-18 15:30:00,XRP_CALL+BTC_PUT,2025-12-18 15:15:38,0.53,0.38,0.91,14.37,2025-12-18 15:20:25,0.75,0.48,1.23,9.57,0.32,35.16,288
2025-12-18 15:15:00,2025-12-18 15:30:00,XRP_CALL+ETH_PUT,2025-12-18 15:18:38,0.55,0.35,0.9,11.36,2025-12-18 15:20:25,0.75,0.35,1.1,9.57,0.2,22.22,107
2025-12-18 15:15:00,2025-12-18 15:30:00,XRP_CALL+SOL_PUT,2025-12-18 15:18:41,0.55,0.17,0.7200000000000001,11.31,2025-12-18 15:24:35,0.96,0.03,0.99,5.4,0.27,37.5,354
2025-12-18 15:15:00,2025-12-18 15:30:00,XRP_CALL+XRP_PUT,2025-12-18 15:15:00,0.05,0.96,1.01,14.98,2025-12-18 15:15:49,0.59,0.4,0.99,14.18,-0.02,-1.98,48
2025-12-18 15:30:00,2025-12-18 15:45:00,BTC_CALL+BTC_PUT,2025-12-18 15:30:02,0.52,0.49,1.01,14.97,2025-12-18 15:30:03,0.54,0.45,0.99,14.95,-0.02,-1.98,1
2025-12-18 15:30:00,2025-12-18 15:45:00,BTC_CALL+ETH_PUT,2025-12-18 15:31:15,0.34,0.62,0.96,13.75,2025-12-18 15:36:19,0.79,0.44,1.23,8.68,0.27,28.13,304
2025-12-18 15:30:00,2025-12-18 15:45:00,BTC_CALL+SOL_PUT,2025-12-18 15:31:30,0.32,0.5,0.8200000000000001,13.49,2025-12-18 15:36:37,0.83,0.46,1.29,8.38,0.47,57.32,307
2025-12-18 15:30:00,2025-12-18 15:45:00,BTC_CALL+XRP_PUT,2025-12-18 15:31:00,0.24,0.65,0.89,14.0,2025-12-18 15:35:18,0.73,0.59,1.3199999999999998,9.7,0.43,48.31,258
2025-12-18 15:30:00,2025-12-18 15:45:00,ETH_CALL+BTC_PUT,2025-12-18 15:36:19,0.56,0.21,0.77,8.68,2025-12-18 15:43:13,0.98,0.0,0.98,1.78,0.21,27.27,414
2025-12-18 15:30:00,2025-12-18 15:45:00,ETH_CALL+ETH_PUT,2025-12-18 15:30:02,0.45,0.56,1.01,14.97,2025-12-18 15:30:03,0.48,0.51,0.99,14.95,-0.02,-1.98,1
2025-12-18 15:30:00,2025-12-18 15:45:00,ETH_CALL+SOL_PUT,2025-12-18 15:32:49,0.27,0.53,0.8,12.17,2025-12-18 15:44:53,0.96,0.5,1.46,0.11,0.66,82.5,724
2025-12-18 15:30:00,2025-12-18 15:45:00,ETH_CALL+XRP_PUT,2025-12-18 15:36:00,0.44,0.27,0.71,9.0,2025-12-18 15:40:05,0.96,0.02,0.98,4.9,0.27,38.03,246
2025-12-18 15:30:00,2025-12-18 15:45:00,SOL_CALL+BTC_PUT,2025-12-18 15:41:05,0.62,0.01,0.63,3.92,2025-12-18 15:44:00,0.98,0.0,0.98,0.99,0.35,55.56,175
2025-12-18 15:30:00,2025-12-18 15:45:00,SOL_CALL+ETH_PUT,2025-12-18 15:41:05,0.62,0.12,0.74,3.92,2025-12-18 15:44:00,0.98,0.0,0.98,0.99,0.24,32.43,175
2025-12-18 15:30:00,2025-12-18 15:45:00,SOL_CALL+SOL_PUT,2025-12-18 15:30:02,0.49,0.52,1.01,14.97,2025-12-18 15:30:11,0.63,0.36,0.99,14.82,-0.02,-1.98,9
2025-12-18 15:30:00,2025-12-18 15:45:00,SOL_CALL+XRP_PUT,2025-12-18 15:41:05,0.62,0.06,0.6799999999999999,3.92,2025-12-18 15:44:00,0.98,0.0,0.98,0.99,0.3,44.12,175
2025-12-18 15:30:00,2025-12-18 15:45:00,XRP_CALL+BTC_PUT,2025-12-18 15:35:18,0.41,0.27,0.6799999999999999,9.7,2025-12-18 15:35:40,0.79,0.28,1.07,9.33,0.39,57.35,22
2025-12-18 15:30:00,2025-12-18 15:45:00,XRP_CALL+ETH_PUT,2025-12-18 15:34:25,0.31,0.6,0.9099999999999999,10.57,2025-12-18 15:36:00,0.73,0.56,1.29,9.0,0.38,41.76,94
2025-12-18 15:30:00,2025-12-18 15:45:00,XRP_CALL+SOL_PUT,2025-12-18 15:32:14,0.36,0.49,0.85,12.76,2025-12-18 15:41:05,0.94,0.38,1.3199999999999998,3.92,0.47,55.29,531
2025-12-18 15:30:00,2025-12-18 15:45:00,XRP_CALL+XRP_PUT,2025-12-18 15:30:09,0.56,0.45,1.01,14.85,2025-12-18 15:30:10,0.55,0.44,0.99,14.83,-0.02,-1.98,1
2025-12-18 15:45:00,2025-12-18 16:00:00,BTC_CALL+BTC_PUT,2025-12-18 15:45:34,0.45,0.55,1.0,14.42,2025-12-18 15:45:35,0.45,0.54,0.99,14.41,-0.01,-1.0,1
2025-12-18 15:45:00,2025-12-18 16:00:00,BTC_CALL+ETH_PUT,2025-12-18 15:50:34,0.14,0.61,0.75,9.43,2025-12-18 15:56:06,0.01,0.97,0.98,3.89,0.23,30.67,332
2025-12-18 15:45:00,2025-12-18 16:00:00,BTC_CALL+SOL_PUT,2025-12-18 15:52:43,0.1,0.71,0.8099999999999999,7.27,2025-12-18 15:56:02,0.01,0.96,0.97,3.96,0.16,19.75,199
2025-12-18 15:45:00,2025-12-18 16:00:00,BTC_CALL+XRP_PUT,2025-12-18 15:51:09,0.1,0.6,0.7,8.84,2025-12-18 15:57:51,0.0,0.998,0.998,2.14,0.298,42.57,402
2025-12-18 15:45:00,2025-12-18 16:00:00,ETH_CALL+BTC_PUT,2025-12-18 15:45:04,0.4,0.56,0.9600000000000001,14.93,2025-12-18 15:50:34,0.39,0.86,1.25,9.43,0.29,30.21,330
2025-12-18 15:45:00,2025-12-18 16:00:00,ETH_CALL+ETH_PUT,2025-12-18 15:45:01,0.45,0.56,1.01,14.98,2025-12-18 15:45:04,0.39,0.6,0.99,14.93,-0.02,-1.98,3
2025-12-18 15:45:00,2025-12-18 16:00:00,ETH_CALL+SOL_PUT,2025-12-18 15:46:23,0.36,0.53,0.89,13.61,2025-12-18 15:50:36,0.4,0.71,1.1099999999999999,9.39,0.22,24.72,253
2025-12-18 15:45:00,2025-12-18 16:00:00,ETH_CALL+XRP_PUT,2025-12-18 15:45:04,0.4,0.53,0.93,14.93,2025-12-18 15:48:50,0.33,0.76,1.09,11.16,0.16,17.2,226
2025-12-18 15:45:00,2025-12-18 16:00:00,SOL_CALL+BTC_PUT,2025-12-18 15:45:06,0.44,0.53,0.97,14.89,2025-12-18 15:49:13,0.36,0.83,1.19,10.78,0.22,22.68,247
2025-12-18 15:45:00,2025-12-18 16:00:00,SOL_CALL+ETH_PUT,2025-12-18 15:46:15,0.4,0.54,0.9400000000000001,13.74,2025-12-18 15:46:23,0.47,0.64,1.1099999999999999,13.61,0.17,18.09,8
2025-12-18 15:45:00,2025-12-18 16:00:00,SOL_CALL+SOL_PUT,2025-12-18 15:45:07,0.48,0.53,1.01,14.88,2025-12-18 15:45:08,0.48,0.51,0.99,14.86,-0.02,-1.98,1
2025-12-18 15:45:00,2025-12-18 16:00:00,SOL_CALL+XRP_PUT,2025-12-18 15:50:33,0.29,0.6,0.8899999999999999,9.44,2025-12-18 15:52:43,0.29,0.79,1.08,7.27,0.19,21.35,130
2025-12-18 15:45:00,2025-12-18 16:00:00,XRP_CALL+BTC_PUT,2025-12-18 15:45:14,0.42,0.53,0.95,14.76,2025-12-18 15:51:09,0.4,0.9,1.3,8.84,0.35,36.84,355
2025-12-18 15:45:00,2025-12-18 16:00:00,XRP_CALL+ETH_PUT,2025-12-18 15:48:50,0.24,0.67,0.91,11.16,2025-12-18 15:54:13,0.23,0.87,1.1,5.78,0.19,20.88,323
2025-12-18 15:45:00,2025-12-18 16:00:00,XRP_CALL+SOL_PUT,2025-12-18 15:47:30,0.24,0.62,0.86,12.49,2025-12-18 15:54:50,0.26,0.9,1.1600000000000001,5.16,0.3,34.88,439
2025-12-18 15:45:00,2025-12-18 16:00:00,XRP_CALL+XRP_PUT,2025-12-18 15:57:04,0.011,0.99,1.001,2.92,2025-12-18 15:57:05,0.01,0.989,0.999,2.91,-0.002,-0.2,1
2025-12-18 16:00:00,2025-12-18 16:15:00,BTC_CALL+ETH_PUT,2025-12-18 16:09:35,0.38,0.59,0.97,5.41,2025-12-18 16:10:15,0.46,0.62,1.08,4.74,0.11,11.34,40
2025-12-18 16:00:00,2025-12-18 16:15:00,BTC_CALL+SOL_PUT,2025-12-18 16:08:09,0.48,0.58,1.06,6.85,2025-12-18 16:10:14,0.46,0.8,1.26,4.76,0.2,18.87,125
2025-12-18 16:00:00,2025-12-18 16:15:00,BTC_CALL+XRP_PUT,2025-12-18 16:09:01,0.44,0.47,0.9099999999999999,5.98,2025-12-18 16:12:20,0.38,0.73,1.1099999999999999,2.65,0.2,21.98,200
2025-12-18 16:00:00,2025-12-18 16:15:00,ETH_CALL+BTC_PUT,2025-12-18 16:07:29,0.29,0.59,0.8799999999999999,7.51,2025-12-18 16:12:25,0.36,0.71,1.0699999999999998,2.57,0.19,21.59,297
2025-12-18 16:00:00,2025-12-18 16:15:00,ETH_CALL+SOL_PUT,2025-12-18 16:08:07,0.42,0.58,1.0,6.88,2025-12-18 16:09:36,0.41,0.81,1.22,5.39,0.22,22.0,89
2025-12-18 16:00:00,2025-12-18 16:15:00,ETH_CALL+XRP_PUT,2025-12-18 16:07:24,0.27,0.59,0.86,7.6,2025-12-18 16:09:36,0.41,0.71,1.1199999999999999,5.39,0.26,30.23,132
2025-12-18 16:00:00,2025-12-18 16:15:00,SOL_CALL+BTC_PUT,2025-12-18 16:07:36,0.22,0.52,0.74,7.4,2025-12-18 16:12:59,0.21,0.79,1.0,2.02,0.26,35.14,323
2025-12-18 16:00:00,2025-12-18 16:15:00,SOL_CALL+ETH_PUT,2025-12-18 16:09:36,0.19,0.59,0.78,5.39,2025-12-18 16:12:59,0.21,0.81,1.02,2.02,0.24,30.77,203
2025-12-18 16:00:00,2025-12-18 16:15:00,SOL_CALL+XRP_PUT,2025-12-18 16:09:15,0.29,0.47,0.76,5.74,2025-12-18 16:14:03,0.0,0.98,0.98,0.95,0.22,28.95,288
2025-12-18 16:00:00,2025-12-18 16:15:00,XRP_CALL+BTC_PUT,2025-12-18 16:09:42,0.29,0.6,0.8899999999999999,5.29,2025-12-18 16:12:51,0.35,0.72,1.0699999999999998,2.15,0.18,20.22,189
2025-12-18 16:00:00,2025-12-18 16:15:00,XRP_CALL+ETH_PUT,2025-12-18 16:09:36,0.29,0.59,0.8799999999999999,5.39,2025-12-18 16:10:36,0.25,0.84,1.0899999999999999,4.39,0.21,23.86,60
2025-12-18 16:00:00,2025-12-18 16:15:00,XRP_CALL+SOL_PUT,2025-12-18 16:08:07,0.44,0.58,1.02,6.88,2025-12-18 16:09:15,0.53,0.71,1.24,5.74,0.22,21.57,68
2025-12-18 16:15:00,2025-12-18 16:30:00,BTC_CALL+ETH_PUT,2025-12-18 16:16:13,0.52,0.43,0.95,13.78,2025-12-18 16:25:41,0.42,0.88,1.3,4.3,0.35,36.84,569
2025-12-18 16:15:00,2025-12-18 16:30:00,BTC_CALL+SOL_PUT,2025-12-18 16:15:42,0.52,0.46,0.98,14.3,2025-12-18 16:19:21,0.64,0.66,1.3,10.64,0.32,32.65,220
2025-12-18 16:15:00,2025-12-18 16:30:00,BTC_CALL+XRP_PUT,2025-12-18 16:23:53,0.25,0.57,0.82,6.11,2025-12-18 16:25:45,0.43,0.75,1.18,4.24,0.36,43.9,112
2025-12-18 16:15:00,2025-12-18 16:30:00,ETH_CALL+BTC_PUT,2025-12-18 16:25:39,0.12,0.59,0.71,4.34,2025-12-18 16:27:22,0.01,0.98,0.99,2.63,0.28,39.44,102
2025-12-18 16:15:00,2025-12-18 16:30:00,ETH_CALL+SOL_PUT,2025-12-18 16:17:33,0.61,0.3,0.9099999999999999,12.44,2025-12-18 16:19:47,0.35,0.75,1.1,10.2,0.19,20.88,134
2025-12-18 16:15:00,2025-12-18 16:30:00,ETH_CALL+XRP_PUT,2025-12-18 16:23:54,0.14,0.57,0.71,6.09,2025-12-18 16:27:36,0.01,0.98,0.99,2.4,0.28,39.44,222
2025-12-18 16:15:00,2025-12-18 16:30:00,SOL_CALL+BTC_PUT,2025-12-18 16:19:21,0.34,0.36,0.7,10.64,2025-12-18 16:26:24,0.23,0.85,1.08,3.59,0.38,54.29,423
2025-12-18 16:15:00,2025-12-18 16:30:00,SOL_CALL+ETH_PUT,2025-12-18 16:19:47,0.25,0.65,0.9,10.2,2025-12-18 16:26:30,0.22,0.95,1.17,3.49,0.27,30.0,403
2025-12-18 16:15:00,2025-12-18 16:30:00,SOL_CALL+XRP_PUT,2025-12-18 16:23:53,0.16,0.57,0.73,6.11,2025-12-18 16:26:21,0.22,0.86,1.08,3.64,0.35,47.95,148
2025-12-18 16:15:00,2025-12-18 16:30:00,XRP_CALL+BTC_PUT,2025-12-18 16:18:23,0.52,0.29,0.81,11.61,2025-12-18 16:23:53,0.43,0.75,1.18,6.11,0.37,45.68,330
2025-12-18 16:15:00,2025-12-18 16:30:00,XRP_CALL+ETH_PUT,2025-12-18 16:18:22,0.52,0.42,0.94,11.63,2025-12-18 16:23:54,0.43,0.86,1.29,6.09,0.35,37.23,332
2025-12-18 16:15:00,2025-12-18 16:30:00,XRP_CALL+SOL_PUT,2025-12-18 16:15:16,0.53,0.45,0.98,14.72,2025-12-18 16:23:53,0.43,0.84,1.27,6.11,0.29,29.59,516
2025-12-18 16:30:00,2025-12-18 16:45:00,BTC_CALL+ETH_PUT,2025-12-18 16:30:03,0.01,0.47,0.48,14.95,2025-12-18 16:31:13,0.59,0.43,1.02,13.78,0.54,112.5,70
2025-12-18 16:30:00,2025-12-18 16:45:00,BTC_CALL+SOL_PUT,2025-12-18 16:30:02,0.01,0.49,0.5,14.97,2025-12-18 16:31:20,0.64,0.57,1.21,13.66,0.71,142.0,78
2025-12-18 16:30:00,2025-12-18 16:45:00,BTC_CALL+XRP_PUT,2025-12-18 16:30:02,0.01,0.47,0.48,14.97,2025-12-18 16:35:03,0.6,0.6,1.2,9.93,0.72,150.0,302
2025-12-18 16:30:00,2025-12-18 16:45:00,ETH_CALL+BTC_PUT,2025-12-18 16:31:13,0.57,0.41,0.98,13.78,2025-12-18 16:36:22,0.85,0.37,1.22,8.63,0.24,24.49,309
2025-12-18 16:30:00,2025-12-18 16:45:00,ETH_CALL+SOL_PUT,2025-12-18 16:30:01,0.01,0.99,1.0,14.98,2025-12-18 16:34:12,0.66,0.56,1.2200000000000002,10.79,0.22,22.0,252
2025-12-18 16:30:00,2025-12-18 16:45:00,ETH_CALL+XRP_PUT,2025-12-18 16:30:01,0.01,0.99,1.0,14.98,2025-12-18 16:34:12,0.66,0.6,1.26,10.79,0.26,26.0,252
2025-12-18 16:30:00,2025-12-18 16:45:00,SOL_CALL+BTC_PUT,2025-12-18 16:31:20,0.43,0.36,0.79,13.66,2025-12-18 16:37:19,0.83,0.37,1.2,7.68,0.41,51.9,359
2025-12-18 16:30:00,2025-12-18 16:45:00,SOL_CALL+ETH_PUT,2025-12-18 16:30:01,0.01,0.99,1.0,14.98,2025-12-18 16:30:02,0.51,0.98,1.49,14.97,0.49,49.0,1
2025-12-18 16:30:00,2025-12-18 16:45:00,SOL_CALL+XRP_PUT,2025-12-18 16:31:07,0.43,0.54,0.97,13.88,2025-12-18 16:36:50,0.77,0.4,1.17,8.16,0.2,20.62,343
2025-12-18 16:30:00,2025-12-18 16:45:00,XRP_CALL+BTC_PUT,2025-12-18 16:33:31,0.47,0.32,0.79,11.47,2025-12-18 16:37:19,0.73,0.37,1.1,7.68,0.31,39.24,228
2025-12-18 16:30:00,2025-12-18 16:45:00,XRP_CALL+ETH_PUT,2025-12-18 16:30:01,0.01,0.99,1.0,14.98,2025-12-18 16:30:02,0.53,0.98,1.51,14.97,0.51,51.0,1
2025-12-18 16:30:00,2025-12-18 16:45:00,XRP_CALL+SOL_PUT,2025-12-18 16:36:50,0.6,0.23,0.83,8.16,2025-12-18 16:37:43,0.79,0.23,1.02,7.28,0.19,22.89,53
2025-12-18 16:45:00,2025-12-18 17:00:00,BTC_CALL+ETH_PUT,2025-12-18 16:54:02,0.17,0.54,0.7100000000000001,5.95,2025-12-18 16:57:42,0.0,0.98,0.98,2.29,0.27,38.03,220
2025-12-18 16:45:00,2025-12-18 17:00:00,BTC_CALL+SOL_PUT,2025-12-18 16:54:39,0.16,0.4,0.56,5.34,2025-12-18 16:58:03,0.0,0.98,0.98,1.94,0.42,75.0,204
2025-12-18 16:45:00,2025-12-18 17:00:00,BTC_CALL+XRP_PUT,2025-12-18 16:45:01,0.51,0.01,0.52,14.98,2025-12-18 16:47:57,0.53,0.57,1.1,12.04,0.58,111.54,177
2025-12-18 16:45:00,2025-12-18 17:00:00,ETH_CALL+BTC_PUT,2025-12-18 16:45:01,0.45,0.52,0.97,14.98,2025-12-18 16:54:02,0.46,0.83,1.29,5.95,0.32,32.99,542
2025-12-18 16:45:00,2025-12-18 17:00:00,ETH_CALL+SOL_PUT,2025-12-18 16:56:23,0.2,0.54,0.74,3.61,2025-12-18 16:58:03,0.01,0.98,0.99,1.94,0.25,33.78,100
2025-12-18 16:45:00,2025-12-18 17:00:00,ETH_CALL+XRP_PUT,2025-12-18 16:45:01,0.45,0.01,0.46,14.98,2025-12-18 16:54:20,0.51,0.73,1.24,5.65,0.78,169.57,560
2025-12-18 16:45:00,2025-12-18 17:00:00,SOL_CALL+BTC_PUT,2025-12-18 16:47:54,0.37,0.57,0.94,12.09,2025-12-18 16:54:39,0.6,0.84,1.44,5.34,0.5,53.19,405
2025-12-18 16:45:00,2025-12-18 17:00:00,SOL_CALL+ETH_PUT,2025-12-18 16:47:55,0.37,0.52,0.89,12.07,2025-12-18 16:56:23,0.46,0.8,1.26,3.61,0.37,41.57,507
2025-12-18 16:45:00,2025-12-18 17:00:00,SOL_CALL+XRP_PUT,2025-12-18 16:45:01,0.49,0.01,0.5,14.98,2025-12-18 16:54:38,0.61,0.74,1.35,5.35,0.85,170.0,578
2025-12-18 16:45:00,2025-12-18 17:00:00,XRP_CALL+BTC_PUT,2025-12-18 16:47:57,0.43,0.47,0.8999999999999999,12.04,2025-12-18 16:55:03,0.23,0.93,1.1600000000000001,4.93,0.26,28.89,426
2025-12-18 16:45:00,2025-12-18 17:00:00,XRP_CALL+ETH_PUT,2025-12-18 16:54:21,0.27,0.49,0.76,5.64,2025-12-18 16:56:40,0.1,0.91,1.01,3.33,0.25,32.89,138
2025-12-18 16:45:00,2025-12-18 17:00:00,XRP_CALL+SOL_PUT,2025-12-18 16:54:38,0.26,0.39,0.65,5.35,2025-12-18 16:58:03,0.0,0.98,0.98,1.94,0.33,50.77,205
2025-12-18 17:00:00,2025-12-18 17:15:00,BTC_CALL+ETH_PUT,2025-12-18 17:01:41,0.32,0.6,0.9199999999999999,13.3,2025-12-18 17:05:47,0.04,0.96,1.0,9.21,0.08,8.7,246
2025-12-18 17:00:00,2025-12-18 17:15:00,BTC_CALL+SOL_PUT,2025-12-18 17:03:01,0.15,0.73,0.88,11.97,2025-12-18 17:03:31,0.13,0.87,1.0,11.48,0.12,13.64,29
2025-12-18 17:00:00,2025-12-18 17:15:00,BTC_CALL+XRP_PUT,2025-12-18 17:02:07,0.25,0.63,0.88,12.87,2025-12-18 17:03:37,0.12,0.9,1.02,11.38,0.14,15.91,89
2025-12-18 17:00:00,2025-12-18 17:15:00,ETH_CALL+BTC_PUT,2025-12-18 17:00:24,0.45,0.52,0.97,14.59,2025-12-18 17:01:13,0.36,0.73,1.0899999999999999,13.77,0.12,12.37,49
2025-12-18 17:00:00,2025-12-18 17:15:00,ETH_CALL+SOL_PUT,2025-12-18 17:00:01,0.53,0.47,1.0,14.98,2025-12-18 17:01:40,0.4,0.7,1.1,13.32,0.1,10.0,99
2025-12-18 17:00:00,2025-12-18 17:15:00,ETH_CALL+XRP_PUT,2025-12-18 17:00:41,0.41,0.53,0.94,14.31,2025-12-18 17:03:49,0.21,0.88,1.09,11.18,0.15,15.96,188
2025-12-18 17:00:00,2025-12-18 17:15:00,SOL_CALL+BTC_PUT,2025-12-18 17:00:24,0.45,0.52,0.97,14.59,2025-12-18 17:03:01,0.27,0.85,1.12,11.97,0.15,15.46,157
2025-12-18 17:00:00,2025-12-18 17:15:00,SOL_CALL+ETH_PUT,2025-12-18 17:01:40,0.3,0.6,0.8999999999999999,13.32,2025-12-18 17:03:02,0.27,0.78,1.05,11.95,0.15,16.67,82
2025-12-18 17:00:00,2025-12-18 17:15:00,SOL_CALL+XRP_PUT,2025-12-18 17:01:37,0.3,0.61,0.9099999999999999,13.37,2025-12-18 17:03:02,0.27,0.87,1.1400000000000001,11.95,0.23,25.27,85
2025-12-18 17:00:00,2025-12-18 17:15:00,XRP_CALL+BTC_PUT,2025-12-18 17:00:11,0.54,0.46,1.0,14.81,2025-12-18 17:02:07,0.37,0.75,1.12,12.87,0.12,12.0,116
2025-12-18 17:00:00,2025-12-18 17:15:00,XRP_CALL+ETH_PUT,2025-12-18 17:03:49,0.12,0.79,0.91,11.18,2025-12-18 17:07:11,0.02,0.98,1.0,7.8,0.09,9.89,203
2025-12-18 17:00:00,2025-12-18 17:15:00,XRP_CALL+SOL_PUT,2025-12-18 17:03:02,0.13,0.73,0.86,11.95,2025-12-18 17:07:11,0.02,0.97,0.99,7.8,0.13,15.12,249
2025-12-18 17:15:00,2025-12-18 17:30:00,BTC_CALL+ETH_PUT,2025-12-18 17:15:20,0.42,0.49,0.9099999999999999,14.67,2025-12-18 17:19:41,0.43,0.77,1.2,10.3,0.29,31.87,262
2025-12-18 17:15:00,2025-12-18 17:30:00,BTC_CALL+SOL_PUT,2025-12-18 17:17:09,0.23,0.72,0.95,12.84,2025-12-18 17:21:38,0.26,0.9,1.1600000000000001,8.36,0.21,22.11,269
2025-12-18 17:15:00,2025-12-18 17:30:00,BTC_CALL+XRP_PUT,2025-12-18 17:15:20,0.42,0.56,0.98,14.67,2025-12-18 17:19:33,0.36,0.89,1.25,10.44,0.27,27.55,254
2025-12-18 17:15:00,2025-12-18 17:30:00,ETH_CALL+BTC_PUT,2025-12-18 17:15:01,0.01,0.46,0.47000000000000003,14.97,2025-12-18 17:15:19,0.51,0.58,1.0899999999999999,14.68,0.62,131.91,17
2025-12-18 17:15:00,2025-12-18 17:30:00,ETH_CALL+SOL_PUT,2025-12-18 17:15:01,0.01,0.48,0.49,14.97,2025-12-18 17:15:27,0.46,0.7,1.16,14.55,0.67,136.73,25
2025-12-18 17:15:00,2025-12-18 17:30:00,ETH_CALL+XRP_PUT,2025-12-18 17:15:01,0.01,0.49,0.5,14.97,2025-12-18 17:15:26,0.48,0.68,1.1600000000000001,14.57,0.66,132.0,24
2025-12-18 17:15:00,2025-12-18 17:30:00,SOL_CALL+BTC_PUT,2025-12-18 17:15:29,0.3,0.59,0.8899999999999999,14.52,2025-12-18 17:17:09,0.28,0.77,1.05,12.84,0.16,17.98,100
2025-12-18 17:15:00,2025-12-18 17:30:00,SOL_CALL+ETH_PUT,2025-12-18 17:15:27,0.3,0.54,0.8400000000000001,14.55,2025-12-18 17:17:09,0.28,0.83,1.1099999999999999,12.84,0.27,32.14,102
2025-12-18 17:15:00,2025-12-18 17:30:00,SOL_CALL+XRP_PUT,2025-12-18 17:15:20,0.42,0.56,0.98,14.67,2025-12-18 17:19:33,0.23,0.89,1.12,10.44,0.14,14.29,254
2025-12-18 17:15:00,2025-12-18 17:30:00,XRP_CALL+BTC_PUT,2025-12-18 17:19:33,0.11,0.64,0.75,10.44,2025-12-18 17:24:43,0.01,0.98,0.99,5.27,0.24,32.0,310
2025-12-18 17:15:00,2025-12-18 17:30:00,XRP_CALL+ETH_PUT,2025-12-18 17:15:26,0.32,0.53,0.8500000000000001,14.57,2025-12-18 17:21:38,0.15,0.92,1.07,8.36,0.22,25.88,372
2025-12-18 17:15:00,2025-12-18 17:30:00,XRP_CALL+SOL_PUT,2025-12-18 17:19:33,0.11,0.77,0.88,10.44,2025-12-18 17:21:38,0.15,0.9,1.05,8.36,0.17,19.32,124
2025-12-18 17:30:00,2025-12-18 17:45:00,BTC_CALL+ETH_PUT,2025-12-18 17:30:35,0.34,0.49,0.8300000000000001,14.41,2025-12-18 17:40:02,0.89,0.25,1.1400000000000001,4.95,0.31,37.35,568
2025-12-18 17:30:00,2025-12-18 17:45:00,BTC_CALL+SOL_PUT,2025-12-18 17:31:39,0.42,0.53,0.95,13.34,2025-12-18 17:34:53,0.81,0.35,1.1600000000000001,10.12,0.21,22.11,194
2025-12-18 17:30:00,2025-12-18 17:45:00,BTC_CALL+XRP_PUT,2025-12-18 17:30:01,0.01,0.47,0.48,14.98,2025-12-18 17:37:03,0.75,0.36,1.1099999999999999,7.94,0.63,131.25,422
2025-12-18 17:30:00,2025-12-18 17:45:00,ETH_CALL+BTC_PUT,2025-12-18 17:30:01,0.01,0.99,1.0,14.98,2025-12-18 17:30:35,0.51,0.66,1.17,14.41,0.17,17.0,34
2025-12-18 17:30:00,2025-12-18 17:45:00,ETH_CALL+SOL_PUT,2025-12-18 17:30:01,0.01,0.99,1.0,14.98,2025-12-18 17:35:32,0.8,0.38,1.1800000000000002,9.46,0.18,18.0,331
2025-12-18 17:30:00,2025-12-18 17:45:00,ETH_CALL+XRP_PUT,2025-12-18 17:30:01,0.01,0.47,0.48,14.98,2025-12-18 17:32:25,0.57,0.57,1.14,12.57,0.66,137.5,144
2025-12-18 17:30:00,2025-12-18 17:45:00,SOL_CALL+BTC_PUT,2025-12-18 17:34:53,0.65,0.19,0.8400000000000001,10.12,2025-12-18 17:41:35,0.98,0.01,0.99,3.41,0.15,17.86,402
2025-12-18 17:30:00,2025-12-18 17:45:00,SOL_CALL+ETH_PUT,2025-12-18 17:35:32,0.62,0.2,0.8200000000000001,9.46,2025-12-18 17:39:08,0.77,0.27,1.04,5.85,0.22,26.83,217
2025-12-18 17:30:00,2025-12-18 17:45:00,SOL_CALL+XRP_PUT,2025-12-18 17:30:01,0.03,0.47,0.5,14.98,2025-12-18 17:31:08,0.42,0.6,1.02,13.86,0.52,104.0,67
2025-12-18 17:30:00,2025-12-18 17:45:00,XRP_CALL+BTC_PUT,2025-12-18 17:31:08,0.4,0.54,0.9400000000000001,13.86,2025-12-18 17:33:29,0.67,0.45,1.12,11.5,0.18,19.15,141
2025-12-18 17:30:00,2025-12-18 17:45:00,XRP_CALL+ETH_PUT,2025-12-18 17:32:25,0.43,0.43,0.86,12.57,2025-12-18 17:39:03,0.86,0.23,1.09,5.94,0.23,26.74,398
2025-12-18 17:30:00,2025-12-18 17:45:00,XRP_CALL+SOL_PUT,2025-12-18 17:31:08,0.4,0.58,0.98,13.86,2025-12-18 17:36:14,0.68,0.44,1.12,8.76,0.14,14.29,306
2025-12-18 17:45:00,2025-12-18 18:00:00,BTC_CALL+ETH_PUT,2025-12-18 17:59:43,0.21,0.32,0.53,0.28,2025-12-18 17:59:59,0.96,0.17,1.13,0.02,0.6,113.21,16
2025-12-18 17:45:00,2025-12-18 18:00:00,BTC_CALL+SOL_PUT,2025-12-18 17:54:14,0.34,0.51,0.8500000000000001,5.77,2025-12-18 17:59:59,0.96,0.91,1.87,0.02,1.02,120.0,345
2025-12-18 17:45:00,2025-12-18 18:00:00,BTC_CALL+XRP_PUT,2025-12-18 17:54:35,0.27,0.57,0.84,5.41,2025-12-18 17:59:59,0.96,0.98,1.94,0.02,1.1,130.95,324
2025-12-18 17:45:00,2025-12-18 18:00:00,ETH_CALL+BTC_PUT,2025-12-18 17:47:56,0.47,0.43,0.8999999999999999,12.05,2025-12-18 17:59:40,0.65,0.81,1.46,0.33,0.56,62.22,703
2025-12-18 17:45:00,2025-12-18 18:00:00,ETH_CALL+SOL_PUT,2025-12-18 17:47:14,0.47,0.47,0.94,12.75,2025-12-18 17:59:57,0.85,0.91,1.76,0.05,0.82,87.23,762
2025-12-18 17:45:00,2025-12-18 18:00:00,ETH_CALL+XRP_PUT,2025-12-18 17:48:56,0.42,0.45,0.87,11.06,2025-12-18 17:59:55,0.85,0.98,1.83,0.08,0.96,110.34,659
2025-12-18 17:45:00,2025-12-18 18:00:00,SOL_CALL+BTC_PUT,2025-12-18 17:48:39,0.39,0.44,0.8300000000000001,11.35,2025-12-18 17:54:14,0.49,0.66,1.15,5.77,0.32,38.55,335
2025-12-18 17:45:00,2025-12-18 18:00:00,SOL_CALL+ETH_PUT,2025-12-18 17:45:01,0.47,0.01,0.48,14.98,2025-12-18 17:47:14,0.53,0.53,1.06,12.75,0.58,120.83,133
2025-12-18 17:45:00,2025-12-18 18:00:00,SOL_CALL+XRP_PUT,2025-12-18 17:49:35,0.38,0.45,0.8300000000000001,10.41,2025-12-18 17:59:16,0.47,0.98,1.45,0.72,0.62,74.7,582
2025-12-18 17:45:00,2025-12-18 18:00:00,XRP_CALL+BTC_PUT,2025-12-18 17:59:16,0.06,0.52,0.5800000000000001,0.72,2025-12-18 17:59:39,0.0,0.84,0.84,0.35,0.26,44.83,22
2025-12-18 17:45:00,2025-12-18 18:00:00,XRP_CALL+ETH_PUT,2025-12-18 17:45:01,0.54,0.01,0.55,14.98,2025-12-18 17:49:50,0.55,0.58,1.13,10.16,0.58,105.45,289
2025-12-18 17:45:00,2025-12-18 18:00:00,XRP_CALL+SOL_PUT,2025-12-18 17:59:16,0.06,0.53,0.5900000000000001,0.72,2025-12-18 17:59:57,0.0,0.91,0.91,0.05,0.32,54.24,40
2025-12-18 18:00:00,2025-12-18 18:15:00,BTC_CALL+ETH_PUT,2025-12-18 18:00:27,0.38,0.59,0.97,14.55,2025-12-18 18:10:01,0.64,0.77,1.4100000000000001,4.98,0.44,45.36,574
2025-12-18 18:00:00,2025-12-18 18:15:00,BTC_CALL+SOL_PUT,2025-12-18 18:10:52,0.35,0.26,0.61,4.13,2025-12-18 18:13:01,0.98,0.0,0.98,1.97,0.37,60.66,129
2025-12-18 18:00:00,2025-12-18 18:15:00,BTC_CALL+XRP_PUT,2025-12-18 18:10:47,0.39,0.38,0.77,4.21,2025-12-18 18:12:50,0.95,0.09,1.04,2.16,0.27,35.06,123
2025-12-18 18:00:00,2025-12-18 18:15:00,ETH_CALL+BTC_PUT,2025-12-18 18:09:59,0.22,0.38,0.6,5.02,2025-12-18 18:13:42,0.98,0.02,1.0,1.29,0.4,66.67,224
2025-12-18 18:00:00,2025-12-18 18:15:00,ETH_CALL+SOL_PUT,2025-12-18 18:11:36,0.29,0.14,0.43,3.39,2025-12-18 18:13:31,0.98,0.0,0.98,1.47,0.55,127.91,115
2025-12-18 18:00:00,2025-12-18 18:15:00,ETH_CALL+XRP_PUT,2025-12-18 18:08:50,0.31,0.26,0.5700000000000001,6.15,2025-12-18 18:13:03,0.96,0.02,0.98,1.94,0.41,71.93,253
2025-12-18 18:00:00,2025-12-18 18:15:00,SOL_CALL+BTC_PUT,2025-12-18 18:00:01,0.09,0.06,0.15,14.98,2025-12-18 18:10:52,0.74,0.65,1.3900000000000001,4.13,1.24,826.67,651
2025-12-18 18:00:00,2025-12-18 18:15:00,SOL_CALL+ETH_PUT,2025-12-18 18:00:01,0.09,0.06,0.15,14.98,2025-12-18 18:11:36,0.86,0.71,1.5699999999999998,3.39,1.42,946.67,695
2025-12-18 18:00:00,2025-12-18 18:15:00,SOL_CALL+XRP_PUT,2025-12-18 18:08:12,0.59,0.33,0.9199999999999999,6.79,2025-12-18 18:10:34,0.76,0.44,1.2,4.43,0.28,30.43,141
2025-12-18 18:00:00,2025-12-18 18:15:00,XRP_CALL+BTC_PUT,2025-12-18 18:00:01,0.01,0.06,0.06999999999999999,14.98,2025-12-18 18:10:47,0.62,0.61,1.23,4.21,1.16,1657.14,646
2025-12-18 18:00:00,2025-12-18 18:15:00,XRP_CALL+ETH_PUT,2025-12-18 18:00:01,0.01,0.06,0.06999999999999999,14.98,2025-12-18 18:09:05,0.69,0.75,1.44,5.9,1.37,1957.14,545
2025-12-18 18:00:00,2025-12-18 18:15:00,XRP_CALL+SOL_PUT,2025-12-18 18:03:33,0.36,0.43,0.79,11.44,2025-12-18 18:08:12,0.67,0.41,1.08,6.79,0.29,36.71,279
2025-12-18 18:15:00,2025-12-18 18:30:00,BTC_CALL+ETH_PUT,2025-12-18 18:18:16,0.21,0.72,0.9299999999999999,11.73,2025-12-18 18:22:02,0.29,0.74,1.03,7.95,0.1,10.75,227
2025-12-18 18:15:00,2025-12-18 18:30:00,BTC_CALL+SOL_PUT,2025-12-18 18:22:21,0.15,0.64,0.79,7.64,2025-12-18 18:27:02,0.01,0.98,0.99,2.95,0.2,25.32,281
2025-12-18 18:15:00,2025-12-18 18:30:00,BTC_CALL+XRP_PUT,2025-12-18 18:17:13,0.37,0.48,0.85,12.77,2025-12-18 18:20:56,0.37,0.75,1.12,9.06,0.27,31.76,223
2025-12-18 18:15:00,2025-12-18 18:30:00,ETH_CALL+BTC_PUT,2025-12-18 18:17:12,0.34,0.55,0.8900000000000001,12.78,2025-12-18 18:18:13,0.3,0.77,1.07,11.78,0.18,20.22,60
2025-12-18 18:15:00,2025-12-18 18:30:00,ETH_CALL+SOL_PUT,2025-12-18 18:22:07,0.21,0.57,0.7799999999999999,7.87,2025-12-18 18:23:49,0.08,0.92,1.0,6.18,0.22,28.21,101
2025-12-18 18:15:00,2025-12-18 18:30:00,ETH_CALL+XRP_PUT,2025-12-18 18:17:12,0.34,0.48,0.8200000000000001,12.78,2025-12-18 18:21:04,0.37,0.75,1.12,8.92,0.3,36.59,232
2025-12-18 18:15:00,2025-12-18 18:30:00,SOL_CALL+BTC_PUT,2025-12-18 18:16:39,0.4,0.49,0.89,13.34,2025-12-18 18:22:21,0.36,0.85,1.21,7.64,0.32,35.96,342
2025-12-18 18:15:00,2025-12-18 18:30:00,SOL_CALL+ETH_PUT,2025-12-18 18:16:37,0.4,0.52,0.92,13.37,2025-12-18 18:22:07,0.43,0.79,1.22,7.87,0.3,32.61,330
2025-12-18 18:15:00,2025-12-18 18:30:00,SOL_CALL+XRP_PUT,2025-12-18 18:17:12,0.4,0.48,0.88,12.78,2025-12-18 18:22:09,0.43,0.79,1.22,7.84,0.34,38.64,297
2025-12-18 18:15:00,2025-12-18 18:30:00,XRP_CALL+BTC_PUT,2025-12-18 18:15:24,0.33,0.55,0.8800000000000001,14.59,2025-12-18 18:17:13,0.52,0.63,1.15,12.77,0.27,30.68,109
2025-12-18 18:15:00,2025-12-18 18:30:00,XRP_CALL+ETH_PUT,2025-12-18 18:15:21,0.33,0.55,0.8800000000000001,14.64,2025-12-18 18:17:13,0.52,0.66,1.1800000000000002,12.77,0.3,34.09,112
2025-12-18 18:15:00,2025-12-18 18:30:00,XRP_CALL+SOL_PUT,2025-12-18 18:15:21,0.33,0.55,0.8800000000000001,14.64,2025-12-18 18:17:12,0.52,0.6,1.12,12.78,0.24,27.27,111
2025-12-18 18:30:00,2025-12-18 18:45:00,BTC_CALL+ETH_PUT,2025-12-18 18:30:01,0.01,0.99,1.0,14.98,2025-12-18 18:30:02,0.0,0.98,0.98,14.97,-0.02,-2.0,1
2025-12-18 18:30:00,2025-12-18 18:45:00,BTC_CALL+SOL_PUT,2025-12-18 18:30:01,0.01,0.99,1.0,14.98,2025-12-18 18:30:02,0.0,0.98,0.98,14.97,-0.02,-2.0,1
2025-12-18 18:30:00,2025-12-18 18:45:00,BTC_CALL+XRP_PUT,2025-12-18 18:30:01,0.01,0.99,1.0,14.98,2025-12-18 18:30:02,0.0,0.97,0.97,14.97,-0.03,-3.0,1
2025-12-18 18:30:00,2025-12-18 18:45:00,ETH_CALL+BTC_PUT,2025-12-18 18:30:01,0.01,0.99,1.0,14.98,2025-12-18 18:30:02,0.0,0.98,0.98,14.97,-0.02,-2.0,1
2025-12-18 18:30:00,2025-12-18 18:45:00,ETH_CALL+SOL_PUT,2025-12-18 18:30:01,0.01,0.99,1.0,14.98,2025-12-18 18:30:02,0.0,0.98,0.98,14.97,-0.02,-2.0,1
2025-12-18 18:30:00,2025-12-18 18:45:00,ETH_CALL+XRP_PUT,2025-12-18 18:30:01,0.01,0.99,1.0,14.98,2025-12-18 18:30:02,0.0,0.97,0.97,14.97,-0.03,-3.0,1
2025-12-18 18:30:00,2025-12-18 18:45:00,SOL_CALL+BTC_PUT,2025-12-18 18:30:01,0.01,0.99,1.0,14.98,2025-12-18 18:30:02,0.0,0.98,0.98,14.97,-0.02,-2.0,1
2025-12-18 18:30:00,2025-12-18 18:45:00,SOL_CALL+ETH_PUT,2025-12-18 18:30:01,0.01,0.99,1.0,14.98,2025-12-18 18:30:02,0.0,0.98,0.98,14.97,-0.02,-2.0,1
2025-12-18 18:30:00,2025-12-18 18:45:00,SOL_CALL+XRP_PUT,2025-12-18 18:30:01,0.01,0.99,1.0,14.98,2025-12-18 18:30:02,0.0,0.97,0.97,14.97,-0.03,-3.0,1
2025-12-18 18:30:00,2025-12-18 18:45:00,XRP_CALL+BTC_PUT,2025-12-18 18:30:01,0.01,0.99,1.0,14.98,2025-12-18 18:30:02,0.0,0.98,0.98,14.97,-0.02,-2.0,1
2025-12-18 18:30:00,2025-12-18 18:45:00,XRP_CALL+ETH_PUT,2025-12-18 18:30:01,0.01,0.99,1.0,14.98,2025-12-18 18:30:02,0.0,0.98,0.98,14.97,-0.02,-2.0,1
2025-12-18 18:30:00,2025-12-18 18:45:00,XRP_CALL+SOL_PUT,2025-12-18 18:30:01,0.01,0.99,1.0,14.98,2025-12-18 18:30:02,0.0,0.98,0.98,14.97,-0.02,-2.0,1
2025-12-18 18:45:00,2025-12-18 19:00:00,BTC_CALL+ETH_PUT,2025-12-18 18:45:01,0.01,0.99,1.0,14.98,2025-12-18 18:45:02,0.0,0.98,0.98,14.96,-0.02,-2.0,1
2025-12-18 18:45:00,2025-12-18 19:00:00,BTC_CALL+SOL_PUT,2025-12-18 18:45:01,0.01,0.99,1.0,14.98,2025-12-18 18:45:02,0.0,0.98,0.98,14.96,-0.02,-2.0,1
2025-12-18 18:45:00,2025-12-18 19:00:00,BTC_CALL+XRP_PUT,2025-12-18 18:45:01,0.01,0.99,1.0,14.98,2025-12-18 18:45:02,0.0,0.97,0.97,14.96,-0.03,-3.0,1
2025-12-18 18:45:00,2025-12-18 19:00:00,ETH_CALL+BTC_PUT,2025-12-18 18:45:01,0.01,0.99,1.0,14.98,2025-12-18 18:45:02,0.0,0.98,0.98,14.96,-0.02,-2.0,1
2025-12-18 18:45:00,2025-12-18 19:00:00,ETH_CALL+SOL_PUT,2025-12-18 18:45:01,0.01,0.99,1.0,14.98,2025-12-18 18:45:02,0.0,0.98,0.98,14.96,-0.02,-2.0,1
2025-12-18 18:45:00,2025-12-18 19:00:00,ETH_CALL+XRP_PUT,2025-12-18 18:45:01,0.01,0.99,1.0,14.98,2025-12-18 18:45:02,0.0,0.97,0.97,14.96,-0.03,-3.0,1
2025-12-18 18:45:00,2025-12-18 19:00:00,SOL_CALL+BTC_PUT,2025-12-18 18:45:01,0.01,0.99,1.0,14.98,2025-12-18 18:45:02,0.0,0.98,0.98,14.96,-0.02,-2.0,1
2025-12-18 18:45:00,2025-12-18 19:00:00,SOL_CALL+ETH_PUT,2025-12-18 18:45:01,0.01,0.99,1.0,14.98,2025-12-18 18:45:02,0.0,0.98,0.98,14.96,-0.02,-2.0,1
2025-12-18 18:45:00,2025-12-18 19:00:00,SOL_CALL+XRP_PUT,2025-12-18 18:45:01,0.01,0.99,1.0,14.98,2025-12-18 18:45:02,0.0,0.97,0.97,14.96,-0.03,-3.0,1
2025-12-18 18:45:00,2025-12-18 19:00:00,XRP_CALL+BTC_PUT,2025-12-18 18:45:01,0.01,0.99,1.0,14.98,2025-12-18 18:45:02,0.0,0.98,0.98,14.96,-0.02,-2.0,1
2025-12-18 18:45:00,2025-12-18 19:00:00,XRP_CALL+ETH_PUT,2025-12-18 18:45:01,0.01,0.99,1.0,14.98,2025-12-18 18:45:02,0.0,0.98,0.98,14.96,-0.02,-2.0,1
2025-12-18 18:45:00,2025-12-18 19:00:00,XRP_CALL+SOL_PUT,2025-12-18 18:45:01,0.01,0.99,1.0,14.98,2025-12-18 18:45:02,0.0,0.98,0.98,14.96,-0.02,-2.0,1
2025-12-18 19:00:00,2025-12-18 19:15:00,BTC_CALL+ETH_PUT,2025-12-18 19:10:41,0.14,0.38,0.52,4.31,2025-12-18 19:13:34,0.0,0.98,0.98,1.43,0.46,88.46,172
2025-12-18 19:00:00,2025-12-18 19:15:00,BTC_CALL+SOL_PUT,2025-12-18 19:01:51,0.24,0.59,0.83,13.15,2025-12-18 19:05:55,0.17,0.86,1.03,9.07,0.2,24.1,245
2025-12-18 19:00:00,2025-12-18 19:15:00,BTC_CALL+XRP_PUT,2025-12-18 19:10:01,0.3,0.39,0.69,4.97,2025-12-18 19:13:03,0.0,0.97,0.97,1.95,0.28,40.58,182
2025-12-18 19:00:00,2025-12-18 19:15:00,ETH_CALL+BTC_PUT,2025-12-18 19:00:49,0.44,0.53,0.97,14.17,2025-12-18 19:09:50,0.74,0.76,1.5,5.16,0.53,54.64,541
2025-12-18 19:00:00,2025-12-18 19:15:00,ETH_CALL+SOL_PUT,2025-12-18 19:01:47,0.35,0.59,0.94,13.21,2025-12-18 19:11:16,0.57,0.79,1.3599999999999999,3.72,0.42,44.68,570
2025-12-18 19:00:00,2025-12-18 19:15:00,ETH_CALL+XRP_PUT,2025-12-18 19:00:36,0.52,0.47,0.99,14.39,2025-12-18 19:09:36,0.6,0.8,1.4,5.39,0.41,41.41,540
2025-12-18 19:00:00,2025-12-18 19:15:00,SOL_CALL+BTC_PUT,2025-12-18 19:05:55,0.14,0.83,0.97,9.07,2025-12-18 19:09:50,0.48,0.76,1.24,5.16,0.27,27.84,235
2025-12-18 19:00:00,2025-12-18 19:15:00,SOL_CALL+ETH_PUT,2025-12-18 19:11:16,0.21,0.43,0.64,3.72,2025-12-18 19:13:34,0.0,0.98,0.98,1.43,0.34,53.12,137
2025-12-18 19:00:00,2025-12-18 19:15:00,SOL_CALL+XRP_PUT,2025-12-18 19:00:01,0.52,0.46,0.98,14.97,2025-12-18 19:02:11,0.34,0.81,1.1500000000000001,12.81,0.17,17.35,129
2025-12-18 19:00:00,2025-12-18 19:15:00,XRP_CALL+BTC_PUT,2025-12-18 19:06:09,0.12,0.78,0.9,8.84,2025-12-18 19:10:01,0.61,0.7,1.31,4.97,0.41,45.56,232
2025-12-18 19:00:00,2025-12-18 19:15:00,XRP_CALL+ETH_PUT,2025-12-18 19:09:36,0.2,0.4,0.6000000000000001,5.39,2025-12-18 19:13:34,0.02,0.98,1.0,1.43,0.4,66.67,238
2025-12-18 19:00:00,2025-12-18 19:15:00,XRP_CALL+SOL_PUT,2025-12-18 19:02:11,0.19,0.66,0.8500000000000001,12.81,2025-12-18 19:11:16,0.33,0.79,1.12,3.72,0.27,31.76,546
2025-12-18 19:15:00,2025-12-18 19:30:00,BTC_CALL+ETH_PUT,2025-12-18 19:29:11,0.33,0.06,0.39,0.8,2025-12-18 19:29:47,0.85,0.0,0.85,0.22,0.46,117.95,35
2025-12-18 19:15:00,2025-12-18 19:30:00,BTC_CALL+SOL_PUT,2025-12-18 19:22:54,0.37,0.4,0.77,7.09,2025-12-18 19:29:47,0.85,0.96,1.81,0.22,1.04,135.06,412
2025-12-18 19:15:00,2025-12-18 19:30:00,BTC_CALL+XRP_PUT,2025-12-18 19:21:18,0.43,0.26,0.69,8.69,2025-12-18 19:29:34,0.67,0.69,1.3599999999999999,0.43,0.67,97.1,495
2025-12-18 19:15:00,2025-12-18 19:30:00,ETH_CALL+BTC_PUT,2025-12-18 19:15:01,0.01,0.46,0.47000000000000003,14.98,2025-12-18 19:29:08,0.87,0.75,1.62,0.85,1.15,244.68,848
2025-12-18 19:15:00,2025-12-18 19:30:00,ETH_CALL+SOL_PUT,2025-12-18 19:15:01,0.01,0.48,0.49,14.98,2025-12-18 19:29:28,0.98,0.96,1.94,0.53,1.45,295.92,867
2025-12-18 19:15:00,2025-12-18 19:30:00,ETH_CALL+XRP_PUT,2025-12-18 19:15:01,0.01,0.49,0.5,14.98,2025-12-18 19:29:07,0.83,0.88,1.71,0.87,1.21,242.0,847
2025-12-18 19:15:00,2025-12-18 19:30:00,SOL_CALL+BTC_PUT,2025-12-18 19:21:58,0.5,0.36,0.86,8.02,2025-12-18 19:22:54,0.6,0.63,1.23,7.09,0.37,43.02,56
2025-12-18 19:15:00,2025-12-18 19:30:00,SOL_CALL+ETH_PUT,2025-12-18 19:20:54,0.41,0.24,0.6499999999999999,9.09,2025-12-18 19:22:54,0.6,0.31,0.9099999999999999,7.09,0.26,40.0,120
2025-12-18 19:15:00,2025-12-18 19:30:00,SOL_CALL+XRP_PUT,2025-12-18 19:26:35,0.22,0.39,0.61,3.41,2025-12-18 19:29:07,0.01,0.88,0.89,0.87,0.28,45.9,152
2025-12-18 19:15:00,2025-12-18 19:30:00,XRP_CALL+BTC_PUT,2025-12-18 19:15:25,0.53,0.45,0.98,14.58,2025-12-18 19:21:18,0.74,0.57,1.31,8.69,0.33,33.67,353
2025-12-18 19:15:00,2025-12-18 19:30:00,XRP_CALL+ETH_PUT,2025-12-18 19:29:05,0.12,0.17,0.29000000000000004,0.9,2025-12-18 19:29:47,0.6,0.0,0.6,0.22,0.31,106.9,41
2025-12-18 19:15:00,2025-12-18 19:30:00,XRP_CALL+SOL_PUT,2025-12-18 19:15:50,0.55,0.35,0.9,14.16,2025-12-18 19:29:47,0.6,0.96,1.56,0.22,0.66,73.33,837
2025-12-18 19:30:00,2025-12-18 19:45:00,BTC_CALL+ETH_PUT,2025-12-18 19:30:00,0.73,0.01,0.74,14.99,2025-12-18 19:30:02,0.52,0.48,1.0,14.95,0.26,35.14,2
2025-12-18 19:30:00,2025-12-18 19:45:00,BTC_CALL+SOL_PUT,2025-12-18 19:32:04,0.4,0.45,0.8500000000000001,12.93,2025-12-18 19:35:45,0.32,0.88,1.2,9.23,0.35,41.18,222
2025-12-18 19:30:00,2025-12-18 19:45:00,BTC_CALL+XRP_PUT,2025-12-18 19:31:38,0.48,0.46,0.94,13.36,2025-12-18 19:33:59,0.32,0.77,1.09,11.01,0.15,15.96,141
2025-12-18 19:30:00,2025-12-18 19:45:00,ETH_CALL+BTC_PUT,2025-12-18 19:31:03,0.67,0.32,0.99,13.95,2025-12-18 19:37:34,0.33,0.84,1.17,7.43,0.18,18.18,391
2025-12-18 19:30:00,2025-12-18 19:45:00,ETH_CALL+SOL_PUT,2025-12-18 19:32:04,0.48,0.45,0.9299999999999999,12.93,2025-12-18 19:35:45,0.46,0.88,1.34,9.23,0.41,44.09,222
2025-12-18 19:30:00,2025-12-18 19:45:00,ETH_CALL+XRP_PUT,2025-12-18 19:30:01,0.53,0.47,1.0,14.97,2025-12-18 19:33:55,0.49,0.71,1.2,11.07,0.2,20.0,234
2025-12-18 19:30:00,2025-12-18 19:45:00,SOL_CALL+BTC_PUT,2025-12-18 19:30:00,0.01,0.46,0.47000000000000003,14.99,2025-12-18 19:32:04,0.55,0.6,1.15,12.93,0.68,144.68,123
2025-12-18 19:30:00,2025-12-18 19:45:00,SOL_CALL+ETH_PUT,2025-12-18 19:30:00,0.01,0.01,0.02,14.99,2025-12-18 19:32:04,0.55,0.52,1.07,12.93,1.05,5250.0,123
2025-12-18 19:30:00,2025-12-18 19:45:00,SOL_CALL+XRP_PUT,2025-12-18 19:30:00,0.01,0.97,0.98,14.99,2025-12-18 19:31:46,0.55,0.58,1.13,13.23,0.15,15.31,105
2025-12-18 19:30:00,2025-12-18 19:45:00,XRP_CALL+BTC_PUT,2025-12-18 19:30:39,0.53,0.38,0.91,14.33,2025-12-18 19:31:38,0.54,0.52,1.06,13.36,0.15,16.48,58
2025-12-18 19:30:00,2025-12-18 19:45:00,XRP_CALL+ETH_PUT,2025-12-18 19:33:55,0.29,0.51,0.8,11.07,2025-12-18 19:41:24,0.01,0.98,0.99,3.58,0.19,23.75,449
2025-12-18 19:30:00,2025-12-18 19:45:00,XRP_CALL+SOL_PUT,2025-12-18 19:31:46,0.42,0.45,0.87,13.23,2025-12-18 19:35:55,0.27,0.86,1.13,9.07,0.26,29.89,250
2025-12-18 19:45:00,2025-12-18 20:00:00,BTC_CALL+ETH_PUT,2025-12-18 19:49:22,0.52,0.41,0.9299999999999999,10.63,2025-12-18 19:55:05,0.55,0.66,1.21,4.92,0.28,30.11,343
2025-12-18 19:45:00,2025-12-18 20:00:00,BTC_CALL+SOL_PUT,2025-12-18 19:49:22,0.52,0.41,0.9299999999999999,10.63,2025-12-18 19:55:08,0.5,0.75,1.25,4.87,0.32,34.41,346
2025-12-18 19:45:00,2025-12-18 20:00:00,BTC_CALL+XRP_PUT,2025-12-18 19:45:58,0.45,0.54,0.99,14.03,2025-12-18 19:54:53,0.64,0.85,1.49,5.12,0.5,50.51,535
2025-12-18 19:45:00,2025-12-18 20:00:00,ETH_CALL+BTC_PUT,2025-12-18 19:55:05,0.34,0.45,0.79,4.92,2025-12-18 19:57:47,0.13,0.88,1.01,2.21,0.22,27.85,162
2025-12-18 19:45:00,2025-12-18 20:00:00,ETH_CALL+SOL_PUT,2025-12-18 19:50:57,0.41,0.47,0.8799999999999999,9.04,2025-12-18 19:57:12,0.21,0.93,1.1400000000000001,2.79,0.26,29.55,375
2025-12-18 19:45:00,2025-12-18 20:00:00,ETH_CALL+XRP_PUT,2025-12-18 19:46:01,0.41,0.54,0.95,13.98,2025-12-18 19:54:55,0.58,0.79,1.37,5.08,0.42,44.21,534
2025-12-18 19:45:00,2025-12-18 20:00:00,SOL_CALL+BTC_PUT,2025-12-18 19:55:08,0.25,0.49,0.74,4.87,2025-12-18 19:58:48,0.09,0.94,1.03,1.19,0.29,39.19,221
2025-12-18 19:45:00,2025-12-18 20:00:00,SOL_CALL+ETH_PUT,2025-12-18 19:46:41,0.42,0.48,0.8999999999999999,13.31,2025-12-18 19:50:57,0.53,0.59,1.12,9.04,0.22,24.44,256
2025-12-18 19:45:00,2025-12-18 20:00:00,SOL_CALL+XRP_PUT,2025-12-18 19:45:59,0.41,0.54,0.95,14.01,2025-12-18 19:50:58,0.53,0.74,1.27,9.03,0.32,33.68,299
2025-12-18 19:45:00,2025-12-18 20:00:00,XRP_CALL+BTC_PUT,2025-12-18 19:54:53,0.15,0.36,0.51,5.12,2025-12-18 19:59:19,0.0,0.98,0.98,0.67,0.47,92.16,267
2025-12-18 19:45:00,2025-12-18 20:00:00,XRP_CALL+ETH_PUT,2025-12-18 19:54:55,0.21,0.42,0.63,5.08,2025-12-18 19:59:06,0.0,0.98,0.98,0.89,0.35,55.56,252
2025-12-18 19:45:00,2025-12-18 20:00:00,XRP_CALL+SOL_PUT,2025-12-18 19:50:58,0.26,0.47,0.73,9.03,2025-12-18 19:57:10,0.07,0.9,0.97,2.83,0.24,32.88,372
2025-12-18 20:00:00,2025-12-18 20:15:00,BTC_CALL+ETH_PUT,2025-12-18 20:01:14,0.63,0.28,0.91,13.75,2025-12-18 20:09:52,0.97,0.05,1.02,5.12,0.11,12.09,518
2025-12-18 20:00:00,2025-12-18 20:15:00,BTC_CALL+SOL_PUT,2025-12-18 20:01:36,0.64,0.26,0.9,13.4,2025-12-18 20:09:40,0.94,0.2,1.14,5.33,0.24,26.67,484
2025-12-18 20:00:00,2025-12-18 20:15:00,BTC_CALL+XRP_PUT,2025-12-18 20:01:33,0.62,0.34,0.96,13.45,2025-12-18 20:02:24,0.88,0.22,1.1,12.6,0.14,14.58,51
2025-12-18 20:00:00,2025-12-18 20:15:00,ETH_CALL+BTC_PUT,2025-12-18 20:00:45,0.66,0.33,0.99,14.23,2025-12-18 20:01:18,0.76,0.33,1.09,13.7,0.1,10.1,32
2025-12-18 20:00:00,2025-12-18 20:15:00,ETH_CALL+SOL_PUT,2025-12-18 20:00:06,0.56,0.4,0.9600000000000001,14.89,2025-12-18 20:09:40,0.94,0.2,1.14,5.33,0.18,18.75,574
2025-12-18 20:00:00,2025-12-18 20:15:00,ETH_CALL+XRP_PUT,2025-12-18 20:00:12,0.51,0.49,1.0,14.79,2025-12-18 20:02:24,0.9,0.22,1.12,12.6,0.12,12.0,131
2025-12-18 20:00:00,2025-12-18 20:15:00,SOL_CALL+BTC_PUT,2025-12-18 20:09:40,0.8,0.06,0.8600000000000001,5.33,2025-12-18 20:12:00,0.98,0.0,0.98,2.99,0.12,13.95,140
2025-12-18 20:00:00,2025-12-18 20:15:00,SOL_CALL+ETH_PUT,2025-12-18 20:09:40,0.8,0.06,0.8600000000000001,5.33,2025-12-18 20:11:49,0.97,0.01,0.98,3.17,0.12,13.95,129
2025-12-18 20:00:00,2025-12-18 20:15:00,SOL_CALL+XRP_PUT,2025-12-18 20:09:40,0.8,0.11,0.91,5.33,2025-12-18 20:11:49,0.97,0.02,0.99,3.17,0.08,8.79,129
2025-12-18 20:00:00,2025-12-18 20:15:00,XRP_CALL+BTC_PUT,2025-12-18 20:00:45,0.6,0.33,0.9299999999999999,14.23,2025-12-18 20:01:33,0.66,0.38,1.04,13.45,0.11,11.83,47
2025-12-18 20:00:00,2025-12-18 20:15:00,XRP_CALL+ETH_PUT,2025-12-18 20:02:24,0.78,0.1,0.88,12.6,2025-12-18 20:05:46,0.94,0.04,0.98,9.22,0.1,11.36,203
2025-12-18 20:00:00,2025-12-18 20:15:00,XRP_CALL+SOL_PUT,2025-12-18 20:02:24,0.78,0.13,0.91,12.6,2025-12-18 20:09:40,0.89,0.2,1.09,5.33,0.18,19.78,436
2025-12-18 20:15:00,2025-12-18 20:30:00,BTC_CALL+ETH_PUT,2025-12-18 20:25:55,0.36,0.47,0.83,4.08,2025-12-18 20:27:58,0.09,0.96,1.05,2.02,0.22,26.51,123
2025-12-18 20:15:00,2025-12-18 20:30:00,BTC_CALL+SOL_PUT,2025-12-18 20:15:01,0.51,0.01,0.52,14.98,2025-12-18 20:26:34,0.38,0.72,1.1,3.43,0.58,111.54,693
2025-12-18 20:15:00,2025-12-18 20:30:00,BTC_CALL+XRP_PUT,2025-12-18 20:15:01,0.51,0.01,0.52,14.98,2025-12-18 20:17:56,0.4,0.67,1.07,12.05,0.55,105.77,176
2025-12-18 20:15:00,2025-12-18 20:30:00,ETH_CALL+BTC_PUT,2025-12-18 20:23:22,0.38,0.56,0.9400000000000001,6.62,2025-12-18 20:25:55,0.53,0.64,1.17,4.08,0.23,24.47,152
2025-12-18 20:15:00,2025-12-18 20:30:00,ETH_CALL+SOL_PUT,2025-12-18 20:15:01,0.49,0.01,0.5,14.98,2025-12-18 20:26:50,0.56,0.69,1.25,3.16,0.75,150.0,709
2025-12-18 20:15:00,2025-12-18 20:30:00,ETH_CALL+XRP_PUT,2025-12-18 20:15:01,0.49,0.01,0.5,14.98,2025-12-18 20:17:54,0.5,0.67,1.17,12.09,0.67,134.0,174
2025-12-18 20:15:00,2025-12-18 20:30:00,SOL_CALL+BTC_PUT,2025-12-18 20:26:52,0.26,0.62,0.88,3.13,2025-12-18 20:27:36,0.23,0.86,1.09,2.39,0.21,23.86,44
2025-12-18 20:15:00,2025-12-18 20:30:00,SOL_CALL+ETH_PUT,2025-12-18 20:26:50,0.31,0.44,0.75,3.16,2025-12-18 20:27:36,0.23,0.88,1.11,2.39,0.36,48.0,46
2025-12-18 20:15:00,2025-12-18 20:30:00,SOL_CALL+XRP_PUT,2025-12-18 20:27:26,0.2,0.52,0.72,2.56,2025-12-18 20:28:45,0.01,0.98,0.99,1.24,0.27,37.5,79
2025-12-18 20:15:00,2025-12-18 20:30:00,XRP_CALL+BTC_PUT,2025-12-18 20:17:56,0.33,0.6,0.9299999999999999,12.05,2025-12-18 20:26:13,0.6,0.64,1.24,3.78,0.31,33.33,496
2025-12-18 20:15:00,2025-12-18 20:30:00,XRP_CALL+ETH_PUT,2025-12-18 20:17:54,0.33,0.5,0.8300000000000001,12.09,2025-12-18 20:28:11,0.31,0.91,1.22,1.81,0.39,46.99,617
2025-12-18 20:15:00,2025-12-18 20:30:00,XRP_CALL+SOL_PUT,2025-12-18 20:17:53,0.33,0.57,0.8999999999999999,12.1,2025-12-18 20:27:27,0.48,0.8,1.28,2.54,0.38,42.22,574
2025-12-18 20:30:00,2025-12-18 20:45:00,BTC_CALL+ETH_PUT,2025-12-18 20:30:34,0.44,0.5,0.94,14.42,2025-12-18 20:43:54,0.91,0.34,1.25,1.1,0.31,32.98,799
2025-12-18 20:30:00,2025-12-18 20:45:00,BTC_CALL+SOL_PUT,2025-12-18 20:34:17,0.33,0.47,0.8,10.71,2025-12-18 20:41:47,0.64,0.72,1.3599999999999999,3.2,0.56,70.0,450
2025-12-18 20:30:00,2025-12-18 20:45:00,BTC_CALL+XRP_PUT,2025-12-18 20:31:43,0.27,0.58,0.85,13.27,2025-12-18 20:44:13,0.98,0.97,1.95,0.78,1.1,129.41,749
2025-12-18 20:30:00,2025-12-18 20:45:00,ETH_CALL+BTC_PUT,2025-12-18 20:43:54,0.66,0.09,0.75,1.1,2025-12-18 20:44:44,0.83,0.18,1.01,0.26,0.26,34.67,50
2025-12-18 20:30:00,2025-12-18 20:45:00,ETH_CALL+SOL_PUT,2025-12-18 20:34:17,0.33,0.47,0.8,10.71,2025-12-18 20:37:53,0.65,0.61,1.26,7.12,0.46,57.5,216
2025-12-18 20:30:00,2025-12-18 20:45:00,ETH_CALL+XRP_PUT,2025-12-18 20:33:08,0.29,0.56,0.8500000000000001,11.86,2025-12-18 20:44:13,0.96,0.97,1.93,0.78,1.08,127.06,665
2025-12-18 20:30:00,2025-12-18 20:45:00,SOL_CALL+BTC_PUT,2025-12-18 20:41:47,0.28,0.36,0.64,3.2,2025-12-18 20:44:39,0.94,0.2,1.14,0.35,0.5,78.12,172
2025-12-18 20:30:00,2025-12-18 20:45:00,SOL_CALL+ETH_PUT,2025-12-18 20:37:53,0.39,0.35,0.74,7.12,2025-12-18 20:43:48,0.91,0.4,1.31,1.2,0.57,77.03,355
2025-12-18 20:30:00,2025-12-18 20:45:00,SOL_CALL+XRP_PUT,2025-12-18 20:35:47,0.38,0.58,0.96,9.2,2025-12-18 20:43:38,0.97,0.95,1.92,1.36,0.96,100.0,470
2025-12-18 20:30:00,2025-12-18 20:45:00,XRP_CALL+BTC_PUT,2025-12-18 20:44:33,0.01,0.02,0.03,0.45,2025-12-18 20:44:39,0.0,0.2,0.2,0.35,0.17,566.67,6
2025-12-18 20:30:00,2025-12-18 20:45:00,XRP_CALL+ETH_PUT,2025-12-18 20:43:32,0.09,0.08,0.16999999999999998,1.47,2025-12-18 20:43:48,0.01,0.4,0.41000000000000003,1.2,0.24,141.18,16
2025-12-18 20:30:00,2025-12-18 20:45:00,XRP_CALL+SOL_PUT,2025-12-18 20:41:24,0.19,0.54,0.73,3.59,2025-12-18 20:41:47,0.14,0.72,0.86,3.2,0.13,17.81,23
2025-12-18 20:45:00,2025-12-18 21:00:00,BTC_CALL+ETH_PUT,2025-12-18 20:45:22,0.53,0.44,0.97,14.63,2025-12-18 20:52:08,0.6,0.66,1.26,7.86,0.29,29.9,406
2025-12-18 20:45:00,2025-12-18 21:00:00,BTC_CALL+SOL_PUT,2025-12-18 20:47:10,0.49,0.48,0.97,12.83,2025-12-18 20:49:47,0.51,0.7,1.21,10.2,0.24,24.74,157
2025-12-18 20:45:00,2025-12-18 21:00:00,BTC_CALL+XRP_PUT,2025-12-18 20:59:01,0.01,0.3,0.31,0.98,2025-12-18 20:59:38,0.0,0.97,0.97,0.36,0.66,212.9,37
2025-12-18 20:45:00,2025-12-18 21:00:00,ETH_CALL+BTC_PUT,2025-12-18 20:52:07,0.34,0.42,0.76,7.88,2025-12-18 20:56:40,0.04,0.96,1.0,3.33,0.24,31.58,273
2025-12-18 20:45:00,2025-12-18 21:00:00,ETH_CALL+SOL_PUT,2025-12-18 20:51:18,0.29,0.53,0.8200000000000001,8.7,2025-12-18 20:51:28,0.35,0.69,1.04,8.53,0.22,26.83,10
2025-12-18 20:45:00,2025-12-18 21:00:00,ETH_CALL+XRP_PUT,2025-12-18 20:59:01,0.02,0.3,0.32,0.98,2025-12-18 20:59:38,0.01,0.97,0.98,0.36,0.66,206.25,37
2025-12-18 20:45:00,2025-12-18 21:00:00,SOL_CALL+BTC_PUT,2025-12-18 20:48:25,0.41,0.37,0.78,11.57,2025-12-18 20:51:18,0.47,0.57,1.04,8.7,0.26,33.33,173
2025-12-18 20:45:00,2025-12-18 21:00:00,SOL_CALL+ETH_PUT,2025-12-18 20:45:40,0.29,0.53,0.8200000000000001,14.33,2025-12-18 20:51:18,0.47,0.71,1.18,8.7,0.36,43.9,338
2025-12-18 20:45:00,2025-12-18 21:00:00,SOL_CALL+XRP_PUT,2025-12-18 20:59:01,0.01,0.3,0.31,0.98,2025-12-18 20:59:38,0.0,0.97,0.97,0.36,0.66,212.9,37
2025-12-18 20:45:00,2025-12-18 21:00:00,XRP_CALL+BTC_PUT,2025-12-18 20:45:01,0.01,0.01,0.02,14.98,2025-12-18 20:59:01,0.7,0.98,1.68,0.98,1.66,8300.0,840
2025-12-18 20:45:00,2025-12-18 21:00:00,XRP_CALL+ETH_PUT,2025-12-18 20:45:01,0.01,0.15,0.16,14.98,2025-12-18 20:59:01,0.7,0.98,1.68,0.98,1.52,950.0,840
2025-12-18 20:45:00,2025-12-18 21:00:00,XRP_CALL+SOL_PUT,2025-12-18 20:45:01,0.01,0.01,0.02,14.98,2025-12-18 20:59:01,0.7,0.98,1.68,0.98,1.66,8300.0,840
2025-12-18 21:00:00,2025-12-18 21:15:00,BTC_CALL+ETH_PUT,2025-12-18 21:00:08,0.49,0.33,0.8200000000000001,14.87,2025-12-18 21:00:48,0.81,0.2,1.01,14.2,0.19,23.17,40
2025-12-18 21:00:00,2025-12-18 21:15:00,BTC_CALL+SOL_PUT,2025-12-18 21:00:32,0.81,0.14,0.9500000000000001,14.46,2025-12-18 21:07:22,0.94,0.21,1.15,7.63,0.2,21.05,410
2025-12-18 21:00:00,2025-12-18 21:15:00,BTC_CALL+XRP_PUT,2025-12-18 21:00:15,0.65,0.23,0.88,14.75,2025-12-18 21:04:47,0.92,0.15,1.07,10.2,0.19,21.59,273
2025-12-18 21:00:00,2025-12-18 21:15:00,ETH_CALL+BTC_PUT,2025-12-18 21:00:45,0.81,0.19,1.0,14.25,2025-12-18 21:01:07,0.9,0.18,1.08,13.88,0.08,8.0,22
2025-12-18 21:00:00,2025-12-18 21:15:00,ETH_CALL+SOL_PUT,2025-12-18 21:00:02,0.54,0.5,1.04,14.97,2025-12-18 21:00:08,0.67,0.57,1.24,14.87,0.2,19.23,6
2025-12-18 21:00:00,2025-12-18 21:15:00,ETH_CALL+XRP_PUT,2025-12-18 21:00:03,0.52,0.46,0.98,14.95,2025-12-18 21:01:09,0.91,0.21,1.12,13.85,0.14,14.29,66
2025-12-18 21:00:00,2025-12-18 21:15:00,SOL_CALL+BTC_PUT,2025-12-18 21:00:09,0.43,0.41,0.84,14.85,2025-12-18 21:00:33,0.86,0.16,1.02,14.45,0.18,21.43,24
2025-12-18 21:00:00,2025-12-18 21:15:00,SOL_CALL+ETH_PUT,2025-12-18 21:00:08,0.43,0.33,0.76,14.87,2025-12-18 21:00:33,0.86,0.14,1.0,14.45,0.24,31.58,25
2025-12-18 21:00:00,2025-12-18 21:15:00,SOL_CALL+XRP_PUT,2025-12-18 21:00:15,0.64,0.23,0.87,14.75,2025-12-18 21:04:55,0.86,0.14,1.0,10.07,0.13,14.94,281
2025-12-18 21:00:00,2025-12-18 21:15:00,XRP_CALL+BTC_PUT,2025-12-18 21:00:05,0.5,0.52,1.02,14.92,2025-12-18 21:00:15,0.77,0.32,1.09,14.75,0.07,6.86,10
2025-12-18 21:00:00,2025-12-18 21:15:00,XRP_CALL+ETH_PUT,2025-12-18 21:01:10,0.79,0.09,0.88,13.83,2025-12-18 21:12:14,0.98,0.0,0.98,2.76,0.1,11.36,664
2025-12-18 21:00:00,2025-12-18 21:15:00,XRP_CALL+SOL_PUT,2025-12-18 21:04:55,0.86,0.14,1.0,10.07,2025-12-18 21:07:29,0.9,0.21,1.11,7.51,0.11,11.0,153
2025-12-18 21:15:00,2025-12-18 21:30:00,BTC_CALL+ETH_PUT,2025-12-18 21:15:01,0.49,0.53,1.02,14.98,2025-12-18 21:19:00,0.66,0.62,1.28,10.99,0.26,25.49,240
2025-12-18 21:15:00,2025-12-18 21:30:00,BTC_CALL+SOL_PUT,2025-12-18 21:15:59,0.47,0.37,0.84,14.01,2025-12-18 21:25:29,0.81,0.4,1.21,4.52,0.37,44.05,570
2025-12-18 21:15:00,2025-12-18 21:30:00,BTC_CALL+XRP_PUT,2025-12-18 21:15:16,0.43,0.55,0.98,14.73,2025-12-18 21:28:39,0.94,0.73,1.67,1.34,0.69,70.41,803
2025-12-18 21:15:00,2025-12-18 21:30:00,ETH_CALL+BTC_PUT,2025-12-18 21:18:59,0.38,0.38,0.76,11.0,2025-12-18 21:28:08,0.95,0.09,1.04,1.86,0.28,36.84,549
2025-12-18 21:15:00,2025-12-18 21:30:00,ETH_CALL+SOL_PUT,2025-12-18 21:17:51,0.45,0.23,0.68,12.14,2025-12-18 21:25:29,0.76,0.4,1.1600000000000001,4.52,0.48,70.59,457
2025-12-18 21:15:00,2025-12-18 21:30:00,ETH_CALL+XRP_PUT,2025-12-18 21:18:10,0.39,0.46,0.8500000000000001,11.82,2025-12-18 21:28:39,0.96,0.73,1.69,1.34,0.84,98.82,629
2025-12-18 21:15:00,2025-12-18 21:30:00,SOL_CALL+BTC_PUT,2025-12-18 21:25:29,0.6,0.19,0.79,4.52,2025-12-18 21:28:05,0.98,0.08,1.06,1.91,0.27,34.18,156
2025-12-18 21:15:00,2025-12-18 21:30:00,SOL_CALL+ETH_PUT,2025-12-18 21:15:01,0.47,0.53,1.0,14.98,2025-12-18 21:17:51,0.77,0.55,1.32,12.14,0.32,32.0,171
2025-12-18 21:15:00,2025-12-18 21:30:00,SOL_CALL+XRP_PUT,2025-12-18 21:15:08,0.47,0.55,1.02,14.86,2025-12-18 21:28:07,0.92,0.75,1.67,1.88,0.65,63.73,779
2025-12-18 21:15:00,2025-12-18 21:30:00,XRP_CALL+BTC_PUT,2025-12-18 21:28:39,0.27,0.06,0.33,1.34,2025-12-18 21:29:40,0.97,0.0,0.97,0.32,0.64,193.94,61
2025-12-18 21:15:00,2025-12-18 21:30:00,XRP_CALL+ETH_PUT,2025-12-18 21:28:39,0.27,0.04,0.31,1.34,2025-12-18 21:29:40,0.97,0.0,0.97,0.32,0.66,212.9,61
2025-12-18 21:15:00,2025-12-18 21:30:00,XRP_CALL+SOL_PUT,2025-12-18 21:28:07,0.25,0.08,0.33,1.88,2025-12-18 21:29:40,0.97,0.0,0.97,0.32,0.64,193.94,93
2025-12-18 21:30:00,2025-12-18 21:45:00,BTC_CALL+ETH_PUT,2025-12-18 21:30:04,0.49,0.48,0.97,14.93,2025-12-18 21:37:56,0.83,0.53,1.3599999999999999,7.05,0.39,40.21,472
2025-12-18 21:30:00,2025-12-18 21:45:00,BTC_CALL+SOL_PUT,2025-12-18 21:32:16,0.5,0.31,0.81,12.72,2025-12-18 21:35:41,0.85,0.36,1.21,9.31,0.4,49.38,205
2025-12-18 21:30:00,2025-12-18 21:45:00,BTC_CALL+XRP_PUT,2025-12-18 21:30:31,0.49,0.46,0.95,14.47,2025-12-18 21:38:08,0.79,0.71,1.5,6.85,0.55,57.89,457
2025-12-18 21:30:00,2025-12-18 21:45:00,ETH_CALL+BTC_PUT,2025-12-18 21:30:01,0.47,0.01,0.48,14.98,2025-12-18 21:41:00,0.16,0.88,1.04,3.99,0.56,116.67,659
2025-12-18 21:30:00,2025-12-18 21:45:00,ETH_CALL+SOL_PUT,2025-12-18 21:31:54,0.36,0.41,0.77,13.09,2025-12-18 21:40:26,0.22,0.87,1.09,4.56,0.32,41.56,512
2025-12-18 21:30:00,2025-12-18 21:45:00,ETH_CALL+XRP_PUT,2025-12-18 21:31:04,0.37,0.52,0.89,13.92,2025-12-18 21:34:34,0.76,0.46,1.22,10.43,0.33,37.08,210
2025-12-18 21:30:00,2025-12-18 21:45:00,SOL_CALL+BTC_PUT,2025-12-18 21:30:01,0.48,0.01,0.49,14.98,2025-12-18 21:44:26,0.24,0.98,1.22,0.55,0.73,148.98,866
2025-12-18 21:30:00,2025-12-18 21:45:00,SOL_CALL+ETH_PUT,2025-12-18 21:40:26,0.13,0.78,0.91,4.56,2025-12-18 21:44:26,0.24,0.98,1.22,0.55,0.31,34.07,241
2025-12-18 21:30:00,2025-12-18 21:45:00,SOL_CALL+XRP_PUT,2025-12-18 21:33:45,0.66,0.31,0.97,11.25,2025-12-18 21:37:57,0.68,0.64,1.32,7.04,0.35,36.08,253
2025-12-18 21:30:00,2025-12-18 21:45:00,XRP_CALL+BTC_PUT,2025-12-18 21:30:01,0.45,0.01,0.46,14.98,2025-12-18 21:30:31,0.54,0.51,1.05,14.47,0.59,128.26,30
2025-12-18 21:30:00,2025-12-18 21:45:00,XRP_CALL+ETH_PUT,2025-12-18 21:34:34,0.54,0.24,0.78,10.43,2025-12-18 21:43:51,0.001,0.98,0.981,1.13,0.201,25.77,558
2025-12-18 21:30:00,2025-12-18 21:45:00,XRP_CALL+SOL_PUT,2025-12-18 21:37:57,0.36,0.32,0.6799999999999999,7.04,2025-12-18 21:43:34,0.0,0.97,0.97,1.42,0.29,42.65,337
2025-12-18 21:45:00,2025-12-18 22:00:00,BTC_CALL+ETH_PUT,2025-12-18 21:45:34,0.49,0.45,0.94,14.42,2025-12-18 21:49:00,0.81,0.26,1.07,10.99,0.13,13.83,206
2025-12-18 21:45:00,2025-12-18 22:00:00,BTC_CALL+SOL_PUT,2025-12-18 21:51:03,0.74,0.1,0.84,8.94,2025-12-18 21:55:55,0.98,0.04,1.02,4.07,0.18,21.43,292
2025-12-18 21:45:00,2025-12-18 22:00:00,BTC_CALL+XRP_PUT,2025-12-18 21:47:59,0.71,0.23,0.94,12.01,2025-12-18 21:53:59,0.91,0.22,1.1300000000000001,6.01,0.19,20.21,360
2025-12-18 21:45:00,2025-12-18 22:00:00,ETH_CALL+BTC_PUT,2025-12-18 21:49:00,0.74,0.19,0.9299999999999999,10.99,2025-12-18 21:50:44,0.79,0.25,1.04,9.25,0.11,11.83,104
2025-12-18 21:45:00,2025-12-18 22:00:00,ETH_CALL+SOL_PUT,2025-12-18 21:48:59,0.74,0.1,0.84,11.01,2025-12-18 21:55:56,0.97,0.04,1.01,4.06,0.17,20.24,417
2025-12-18 21:45:00,2025-12-18 22:00:00,ETH_CALL+XRP_PUT,2025-12-18 21:45:01,0.49,0.46,0.95,14.97,2025-12-18 21:45:46,0.63,0.52,1.15,14.22,0.2,21.05,45
2025-12-18 21:45:00,2025-12-18 22:00:00,SOL_CALL+BTC_PUT,2025-12-18 21:46:03,0.5,0.39,0.89,13.93,2025-12-18 21:51:03,0.9,0.26,1.1600000000000001,8.94,0.27,30.34,300
2025-12-18 21:45:00,2025-12-18 22:00:00,SOL_CALL+ETH_PUT,2025-12-18 21:46:05,0.5,0.34,0.8400000000000001,13.9,2025-12-18 21:48:59,0.9,0.26,1.1600000000000001,11.01,0.32,38.1,174
2025-12-18 21:45:00,2025-12-18 22:00:00,SOL_CALL+XRP_PUT,2025-12-18 21:45:01,0.49,0.46,0.95,14.97,2025-12-18 21:50:19,0.85,0.33,1.18,9.67,0.23,24.21,318
2025-12-18 21:45:00,2025-12-18 22:00:00,XRP_CALL+BTC_PUT,2025-12-18 21:45:42,0.48,0.42,0.8999999999999999,14.28,2025-12-18 21:47:59,0.77,0.29,1.06,12.01,0.16,17.78,136
2025-12-18 21:45:00,2025-12-18 22:00:00,XRP_CALL+ETH_PUT,2025-12-18 21:45:46,0.48,0.37,0.85,14.22,2025-12-18 21:47:57,0.77,0.33,1.1,12.04,0.25,29.41,130
2025-12-18 21:45:00,2025-12-18 22:00:00,XRP_CALL+SOL_PUT,2025-12-18 21:50:19,0.67,0.15,0.8200000000000001,9.67,2025-12-18 21:57:42,0.97,0.01,0.98,2.28,0.16,19.51,443
2025-12-18 22:00:00,2025-12-18 22:15:00,BTC_CALL+ETH_PUT,2025-12-18 22:10:51,0.26,0.21,0.47,4.15,2025-12-18 22:13:41,0.0,0.98,0.98,1.31,0.51,108.51,170
2025-12-18 22:00:00,2025-12-18 22:15:00,BTC_CALL+SOL_PUT,2025-12-18 22:00:13,0.46,0.55,1.01,14.78,2025-12-18 22:07:15,0.55,0.81,1.36,7.74,0.35,34.65,422
2025-12-18 22:00:00,2025-12-18 22:15:00,BTC_CALL+XRP_PUT,2025-12-18 22:12:09,0.08,0.08,0.16,2.84,2025-12-18 22:14:46,0.0,0.96,0.96,0.22,0.8,500.0,157
2025-12-18 22:00:00,2025-12-18 22:15:00,ETH_CALL+BTC_PUT,2025-12-18 22:00:02,0.47,0.51,0.98,14.96,2025-12-18 22:10:51,0.79,0.74,1.53,4.15,0.55,56.12,649
2025-12-18 22:00:00,2025-12-18 22:15:00,ETH_CALL+SOL_PUT,2025-12-18 22:00:02,0.47,0.55,1.02,14.96,2025-12-18 22:10:07,0.84,0.87,1.71,4.88,0.69,67.65,605
2025-12-18 22:00:00,2025-12-18 22:15:00,ETH_CALL+XRP_PUT,2025-12-18 22:13:10,0.1,0.19,0.29000000000000004,1.82,2025-12-18 22:14:46,0.0,0.96,0.96,0.22,0.67,231.03,96
2025-12-18 22:00:00,2025-12-18 22:15:00,SOL_CALL+BTC_PUT,2025-12-18 22:00:01,0.5,0.01,0.51,14.98,2025-12-18 22:00:21,0.49,0.52,1.01,14.64,0.5,98.04,20
2025-12-18 22:00:00,2025-12-18 22:15:00,SOL_CALL+ETH_PUT,2025-12-18 22:10:07,0.13,0.16,0.29000000000000004,4.88,2025-12-18 22:13:41,0.0,0.98,0.98,1.31,0.69,237.93,215
2025-12-18 22:00:00,2025-12-18 22:15:00,SOL_CALL+XRP_PUT,2025-12-18 22:11:39,0.06,0.06,0.12,3.35,2025-12-18 22:14:46,0.0,0.96,0.96,0.22,0.84,700.0,188
2025-12-18 22:00:00,2025-12-18 22:15:00,XRP_CALL+BTC_PUT,2025-12-18 22:02:17,0.27,0.65,0.92,12.71,2025-12-18 22:12:09,0.92,0.92,1.84,2.84,0.92,100.0,592
2025-12-18 22:00:00,2025-12-18 22:15:00,XRP_CALL+ETH_PUT,2025-12-18 22:05:15,0.57,0.22,0.7899999999999999,9.75,2025-12-18 22:13:10,0.81,0.9,1.71,1.82,0.92,116.46,475
2025-12-18 22:00:00,2025-12-18 22:15:00,XRP_CALL+SOL_PUT,2025-12-18 22:02:17,0.27,0.71,0.98,12.71,2025-12-18 22:11:39,0.94,0.94,1.88,3.35,0.9,91.84,562
2025-12-18 22:15:00,2025-12-18 22:30:00,BTC_CALL+ETH_PUT,2025-12-18 22:26:36,0.19,0.34,0.53,3.39,2025-12-18 22:27:48,0.65,0.61,1.26,2.19,0.73,137.74,72
2025-12-18 22:15:00,2025-12-18 22:30:00,BTC_CALL+SOL_PUT,2025-12-18 22:26:00,0.21,0.55,0.76,3.99,2025-12-18 22:29:05,0.94,0.46,1.4,0.9,0.64,84.21,186
2025-12-18 22:15:00,2025-12-18 22:30:00,BTC_CALL+XRP_PUT,2025-12-18 22:20:24,0.59,0.35,0.94,9.59,2025-12-18 22:29:14,0.97,0.82,1.79,0.75,0.85,90.43,531
2025-12-18 22:15:00,2025-12-18 22:30:00,ETH_CALL+BTC_PUT,2025-12-18 22:15:07,0.54,0.42,0.96,14.88,2025-12-18 22:26:36,0.66,0.81,1.4700000000000002,3.39,0.51,53.13,689
2025-12-18 22:15:00,2025-12-18 22:30:00,ETH_CALL+SOL_PUT,2025-12-18 22:27:48,0.39,0.62,1.01,2.19,2025-12-18 22:29:05,0.86,0.46,1.32,0.9,0.31,30.69,77
2025-12-18 22:15:00,2025-12-18 22:30:00,ETH_CALL+XRP_PUT,2025-12-18 22:15:09,0.58,0.42,1.0,14.84,2025-12-18 22:29:13,0.92,0.82,1.74,0.77,0.74,74.0,844
2025-12-18 22:15:00,2025-12-18 22:30:00,SOL_CALL+BTC_PUT,2025-12-18 22:22:31,0.31,0.5,0.81,7.47,2025-12-18 22:26:00,0.45,0.79,1.24,3.99,0.43,53.09,209
2025-12-18 22:15:00,2025-12-18 22:30:00,SOL_CALL+ETH_PUT,2025-12-18 22:29:07,0.57,0.11,0.6799999999999999,0.87,2025-12-18 22:29:47,0.97,0.0,0.97,0.22,0.29,42.65,39
2025-12-18 22:15:00,2025-12-18 22:30:00,SOL_CALL+XRP_PUT,2025-12-18 22:20:02,0.49,0.35,0.84,9.96,2025-12-18 22:28:44,0.78,0.77,1.55,1.25,0.71,84.52,523
2025-12-18 22:15:00,2025-12-18 22:30:00,XRP_CALL+BTC_PUT,2025-12-18 22:29:14,0.18,0.03,0.21,0.75,2025-12-18 22:29:56,0.98,0.0,0.98,0.07,0.77,366.67,41
2025-12-18 22:15:00,2025-12-18 22:30:00,XRP_CALL+ETH_PUT,2025-12-18 22:29:13,0.18,0.08,0.26,0.77,2025-12-18 22:29:56,0.98,0.0,0.98,0.07,0.72,276.92,42
2025-12-18 22:15:00,2025-12-18 22:30:00,XRP_CALL+SOL_PUT,2025-12-18 22:28:44,0.23,0.22,0.45,1.25,2025-12-18 22:29:56,0.98,0.0,0.98,0.07,0.53,117.78,71
2025-12-18 22:30:00,2025-12-18 22:45:00,BTC_CALL+ETH_PUT,2025-12-18 22:30:00,0.99,0.01,1.0,14.99,2025-12-18 22:44:50,0.98,0.99,1.97,0.16,0.97,97.0,890
2025-12-18 22:30:00,2025-12-18 22:45:00,BTC_CALL+SOL_PUT,2025-12-18 22:40:01,0.68,0.16,0.8400000000000001,4.97,2025-12-18 22:42:07,0.88,0.18,1.06,2.87,0.22,26.19,126
2025-12-18 22:30:00,2025-12-18 22:45:00,BTC_CALL+XRP_PUT,2025-12-18 22:30:46,0.53,0.42,0.95,14.22,2025-12-18 22:43:11,0.97,0.98,1.95,1.81,1.0,105.26,744
2025-12-18 22:30:00,2025-12-18 22:45:00,ETH_CALL+BTC_PUT,2025-12-18 22:43:14,0.18,0.02,0.19999999999999998,1.76,2025-12-18 22:43:41,0.49,0.01,0.5,1.31,0.3,150.0,27
2025-12-18 22:30:00,2025-12-18 22:45:00,ETH_CALL+SOL_PUT,2025-12-18 22:40:01,0.21,0.16,0.37,4.97,2025-12-18 22:40:21,0.65,0.15,0.8,4.64,0.43,116.22,20
2025-12-18 22:30:00,2025-12-18 22:45:00,ETH_CALL+XRP_PUT,2025-12-18 22:32:01,0.42,0.44,0.86,12.98,2025-12-18 22:40:21,0.65,0.7,1.35,4.64,0.49,56.98,500
2025-12-18 22:30:00,2025-12-18 22:45:00,SOL_CALL+BTC_PUT,2025-12-18 22:32:53,0.57,0.25,0.82,12.11,2025-12-18 22:40:01,0.84,0.32,1.16,4.97,0.34,41.46,428
2025-12-18 22:30:00,2025-12-18 22:45:00,SOL_CALL+ETH_PUT,2025-12-18 22:30:00,0.99,0.01,1.0,14.99,2025-12-18 22:44:50,0.98,0.99,1.97,0.16,0.97,97.0,890
2025-12-18 22:30:00,2025-12-18 22:45:00,SOL_CALL+XRP_PUT,2025-12-18 22:32:01,0.48,0.44,0.9199999999999999,12.98,2025-12-18 22:43:11,0.98,0.98,1.96,1.81,1.04,113.04,670
2025-12-18 22:30:00,2025-12-18 22:45:00,XRP_CALL+BTC_PUT,2025-12-18 22:32:49,0.41,0.32,0.73,12.18,2025-12-18 22:35:01,0.54,0.33,0.8700000000000001,9.97,0.14,19.18,132
2025-12-18 22:30:00,2025-12-18 22:45:00,XRP_CALL+ETH_PUT,2025-12-18 22:40:17,0.29,0.36,0.6499999999999999,4.71,2025-12-18 22:44:50,0.0,0.99,0.99,0.16,0.34,52.31,273
2025-12-18 22:30:00,2025-12-18 22:45:00,XRP_CALL+SOL_PUT,2025-12-18 22:37:48,0.23,0.31,0.54,7.2,2025-12-18 22:38:26,0.5,0.2,0.7,6.56,0.16,29.63,38
2025-12-18 22:45:00,2025-12-18 23:00:00,BTC_CALL+ETH_PUT,2025-12-18 22:59:37,0.22,0.03,0.25,0.37,2025-12-18 22:59:53,0.57,0.01,0.58,0.1,0.33,132.0,16
2025-12-18 22:45:00,2025-12-18 23:00:00,BTC_CALL+SOL_PUT,2025-12-18 22:52:17,0.49,0.35,0.84,7.71,2025-12-18 22:59:12,0.98,0.82,1.7999999999999998,0.79,0.96,114.29,415
2025-12-18 22:45:00,2025-12-18 23:00:00,BTC_CALL+XRP_PUT,2025-12-18 22:52:16,0.49,0.24,0.73,7.73,2025-12-18 22:56:28,0.96,0.1,1.06,3.53,0.33,45.21,252
2025-12-18 22:45:00,2025-12-18 23:00:00,ETH_CALL+BTC_PUT,2025-12-18 22:45:01,0.01,0.01,0.02,14.98,2025-12-18 22:59:37,0.97,0.78,1.75,0.37,1.73,8650.0,877
2025-12-18 22:45:00,2025-12-18 23:00:00,ETH_CALL+SOL_PUT,2025-12-18 22:45:01,0.01,0.02,0.03,14.98,2025-12-18 22:59:32,0.97,0.96,1.93,0.46,1.9,6333.33,872
2025-12-18 22:45:00,2025-12-18 23:00:00,ETH_CALL+XRP_PUT,2025-12-18 22:46:49,0.31,0.51,0.8200000000000001,13.18,2025-12-18 22:58:50,0.98,0.18,1.16,1.16,0.34,41.46,721
2025-12-18 22:45:00,2025-12-18 23:00:00,SOL_CALL+BTC_PUT,2025-12-18 22:59:12,0.18,0.02,0.19999999999999998,0.79,2025-12-18 22:59:30,0.02,0.77,0.79,0.49,0.59,295.0,18
2025-12-18 22:45:00,2025-12-18 23:00:00,SOL_CALL+ETH_PUT,2025-12-18 22:56:19,0.48,0.06,0.54,3.68,2025-12-18 22:56:37,0.82,0.02,0.84,3.38,0.3,55.56,18
2025-12-18 22:45:00,2025-12-18 23:00:00,SOL_CALL+XRP_PUT,2025-12-18 22:56:19,0.48,0.13,0.61,3.68,2025-12-18 22:56:40,0.81,0.07,0.8800000000000001,3.33,0.27,44.26,21
2025-12-18 22:45:00,2025-12-18 23:00:00,XRP_CALL+BTC_PUT,2025-12-18 22:45:01,0.01,0.01,0.02,14.98,2025-12-18 22:59:37,0.91,0.78,1.69,0.37,1.67,8350.0,877
2025-12-18 22:45:00,2025-12-18 23:00:00,XRP_CALL+ETH_PUT,2025-12-18 22:45:24,0.44,0.52,0.96,14.6,2025-12-18 22:46:49,0.49,0.69,1.18,13.18,0.22,22.92,85
2025-12-18 22:45:00,2025-12-18 23:00:00,XRP_CALL+SOL_PUT,2025-12-18 22:45:01,0.01,0.02,0.03,14.98,2025-12-18 22:59:41,0.98,0.92,1.9,0.31,1.87,6233.33,881
2025-12-19 09:15:00,2025-12-19 09:30:00,BTC_CALL+ETH_PUT,2025-12-19 09:16:28,0.46,0.54,1.0,13.52,2025-12-19 09:18:59,0.71,0.51,1.22,11.02,0.22,22.0,150
2025-12-19 09:15:00,2025-12-19 09:30:00,BTC_CALL+SOL_PUT,2025-12-19 09:16:28,0.46,0.57,1.03,13.52,2025-12-19 09:29:32,0.98,0.97,1.95,0.45,0.92,89.32,784
2025-12-19 09:15:00,2025-12-19 09:30:00,BTC_CALL+XRP_PUT,2025-12-19 09:16:28,0.46,0.47,0.9299999999999999,13.52,2025-12-19 09:29:31,0.98,0.98,1.96,0.47,1.03,110.75,783
2025-12-19 09:15:00,2025-12-19 09:30:00,ETH_CALL+BTC_PUT,2025-12-19 09:18:59,0.49,0.29,0.78,11.02,2025-12-19 09:28:29,0.98,0.0,0.98,1.51,0.2,25.64,571
2025-12-19 09:15:00,2025-12-19 09:30:00,ETH_CALL+SOL_PUT,2025-12-19 09:18:45,0.56,0.29,0.8500000000000001,11.25,2025-12-19 09:29:32,0.98,0.97,1.95,0.45,1.1,129.41,648
2025-12-19 09:15:00,2025-12-19 09:30:00,ETH_CALL+XRP_PUT,2025-12-19 09:16:27,0.47,0.47,0.94,13.54,2025-12-19 09:29:31,0.98,0.98,1.96,0.47,1.02,108.51,784
2025-12-19 09:15:00,2025-12-19 09:30:00,SOL_CALL+BTC_PUT,2025-12-19 09:23:48,0.2,0.26,0.46,6.19,2025-12-19 09:26:11,0.48,0.24,0.72,3.81,0.26,56.52,142
2025-12-19 09:15:00,2025-12-19 09:30:00,SOL_CALL+ETH_PUT,2025-12-19 09:16:31,0.48,0.47,0.95,13.47,2025-12-19 09:18:45,0.71,0.44,1.15,11.25,0.2,21.05,133
2025-12-19 09:15:00,2025-12-19 09:30:00,SOL_CALL+XRP_PUT,2025-12-19 09:21:01,0.27,0.52,0.79,8.98,2025-12-19 09:28:07,0.49,0.81,1.3,1.87,0.51,64.56,426
2025-12-19 09:15:00,2025-12-19 09:30:00,XRP_CALL+BTC_PUT,2025-12-19 09:24:11,0.2,0.3,0.5,5.8,2025-12-19 09:25:14,0.46,0.19,0.65,4.76,0.15,30.0,62
2025-12-19 09:15:00,2025-12-19 09:30:00,XRP_CALL+ETH_PUT,2025-12-19 09:17:52,0.41,0.48,0.8899999999999999,12.12,2025-12-19 09:18:56,0.6,0.46,1.06,11.07,0.17,19.1,63
2025-12-19 09:15:00,2025-12-19 09:30:00,XRP_CALL+SOL_PUT,2025-12-19 09:17:53,0.41,0.44,0.85,12.1,2025-12-19 09:21:01,0.48,0.73,1.21,8.98,0.36,42.35,188
2025-12-19 09:30:00,2025-12-19 09:45:00,BTC_CALL+ETH_PUT,2025-12-19 09:30:21,0.41,0.55,0.96,14.64,2025-12-19 09:44:59,0.9,0.98,1.88,0.0,0.92,95.83,878
2025-12-19 09:30:00,2025-12-19 09:45:00,BTC_CALL+SOL_PUT,2025-12-19 09:30:11,0.36,0.56,0.92,14.81,2025-12-19 09:44:59,0.9,0.96,1.8599999999999999,0.0,0.94,102.17,888
2025-12-19 09:30:00,2025-12-19 09:45:00,BTC_CALL+XRP_PUT,2025-12-19 09:31:07,0.52,0.38,0.9,13.87,2025-12-19 09:44:59,0.9,0.98,1.88,0.0,0.98,108.89,832
2025-12-19 09:30:00,2025-12-19 09:45:00,ETH_CALL+BTC_PUT,2025-12-19 09:40:58,0.1,0.46,0.56,4.03,2025-12-19 09:42:16,0.04,0.78,0.8200000000000001,2.73,0.26,46.43,78
2025-12-19 09:30:00,2025-12-19 09:45:00,ETH_CALL+SOL_PUT,2025-12-19 09:31:45,0.56,0.35,0.91,13.24,2025-12-19 09:34:06,0.64,0.53,1.17,10.9,0.26,28.57,140
2025-12-19 09:30:00,2025-12-19 09:45:00,ETH_CALL+XRP_PUT,2025-12-19 09:38:29,0.19,0.5,0.69,6.5,2025-12-19 09:39:29,0.12,0.86,0.98,5.5,0.29,42.03,60
2025-12-19 09:30:00,2025-12-19 09:45:00,SOL_CALL+BTC_PUT,2025-12-19 09:34:36,0.33,0.27,0.6000000000000001,10.4,2025-12-19 09:39:00,0.23,0.78,1.01,5.99,0.41,68.33,265
2025-12-19 09:30:00,2025-12-19 09:45:00,SOL_CALL+ETH_PUT,2025-12-19 09:34:36,0.33,0.49,0.8200000000000001,10.4,2025-12-19 09:44:35,0.28,0.98,1.26,0.4,0.44,53.66,600
2025-12-19 09:30:00,2025-12-19 09:45:00,SOL_CALL+XRP_PUT,2025-12-19 09:34:14,0.39,0.21,0.6,10.76,2025-12-19 09:44:48,0.26,0.91,1.17,0.19,0.57,95.0,635
2025-12-19 09:30:00,2025-12-19 09:45:00,XRP_CALL+BTC_PUT,2025-12-19 09:41:06,0.2,0.48,0.6799999999999999,3.9,2025-12-19 09:42:31,0.16,0.8,0.9600000000000001,2.48,0.28,41.18,85
2025-12-19 09:30:00,2025-12-19 09:45:00,XRP_CALL+ETH_PUT,2025-12-19 09:33:02,0.74,0.26,1.0,11.95,2025-12-19 09:38:29,0.5,0.81,1.31,6.5,0.31,31.0,327
2025-12-19 09:30:00,2025-12-19 09:45:00,XRP_CALL+SOL_PUT,2025-12-19 09:30:07,0.39,0.54,0.93,14.88,2025-12-19 09:34:14,0.79,0.61,1.4,10.76,0.47,50.54,247
2025-12-19 09:45:00,2025-12-19 10:00:00,BTC_CALL+ETH_PUT,2025-12-19 09:52:18,0.45,0.46,0.91,7.68,2025-12-19 09:57:02,0.69,0.63,1.3199999999999998,2.95,0.41,45.05,284
2025-12-19 09:45:00,2025-12-19 10:00:00,BTC_CALL+SOL_PUT,2025-12-19 09:52:10,0.44,0.09,0.53,7.82,2025-12-19 09:58:09,0.88,0.31,1.19,1.83,0.66,124.53,359
2025-12-19 09:45:00,2025-12-19 10:00:00,BTC_CALL+XRP_PUT,2025-12-19 09:50:38,0.53,0.41,0.94,9.36,2025-12-19 09:53:32,0.67,0.8,1.4700000000000002,6.46,0.53,56.38,173
2025-12-19 09:45:00,2025-12-19 10:00:00,ETH_CALL+BTC_PUT,2025-12-19 09:57:02,0.37,0.31,0.6799999999999999,2.95,2025-12-19 09:59:03,0.9,0.07,0.97,0.95,0.29,42.65,120
2025-12-19 09:45:00,2025-12-19 10:00:00,ETH_CALL+SOL_PUT,2025-12-19 09:53:09,0.43,0.16,0.59,6.85,2025-12-19 09:59:07,0.91,0.11,1.02,0.88,0.43,72.88,358
2025-12-19 09:45:00,2025-12-19 10:00:00,ETH_CALL+XRP_PUT,2025-12-19 09:49:12,0.41,0.53,0.94,10.79,2025-12-19 09:53:32,0.58,0.8,1.38,6.46,0.44,46.81,260
2025-12-19 09:45:00,2025-12-19 10:00:00,SOL_CALL+BTC_PUT,2025-12-19 09:46:01,0.51,0.44,0.95,13.97,2025-12-19 09:52:10,0.91,0.56,1.4700000000000002,7.82,0.52,54.74,369
2025-12-19 09:45:00,2025-12-19 10:00:00,SOL_CALL+ETH_PUT,2025-12-19 09:45:44,0.52,0.51,1.03,14.25,2025-12-19 09:53:09,0.84,0.57,1.41,6.85,0.38,36.89,444
2025-12-19 09:45:00,2025-12-19 10:00:00,SOL_CALL+XRP_PUT,2025-12-19 09:45:03,0.52,0.48,1.0,14.94,2025-12-19 09:53:03,0.88,0.8,1.6800000000000002,6.95,0.68,68.0,479
2025-12-19 09:45:00,2025-12-19 10:00:00,XRP_CALL+BTC_PUT,2025-12-19 09:53:32,0.2,0.33,0.53,6.46,2025-12-19 09:59:53,0.89,0.0,0.89,0.11,0.36,67.92,381
2025-12-19 09:45:00,2025-12-19 10:00:00,XRP_CALL+ETH_PUT,2025-12-19 09:53:32,0.2,0.42,0.62,6.46,2025-12-19 09:56:39,0.55,0.57,1.12,3.34,0.5,80.65,188
2025-12-19 09:45:00,2025-12-19 10:00:00,XRP_CALL+SOL_PUT,2025-12-19 09:53:03,0.2,0.12,0.32,6.95,2025-12-19 09:59:53,0.89,0.02,0.91,0.11,0.59,184.38,410
2025-12-19 10:00:00,2025-12-19 10:15:00,BTC_CALL+ETH_PUT,2025-12-19 10:03:05,0.58,0.29,0.8699999999999999,11.9,2025-12-19 10:14:01,0.9,0.73,1.63,0.97,0.76,87.36,656
2025-12-19 10:00:00,2025-12-19 10:15:00,BTC_CALL+SOL_PUT,2025-12-19 10:01:37,0.48,0.43,0.9099999999999999,13.37,2025-12-19 10:07:33,0.75,0.44,1.19,7.44,0.28,30.77,356
2025-12-19 10:00:00,2025-12-19 10:15:00,BTC_CALL+XRP_PUT,2025-12-19 10:02:57,0.6,0.23,0.83,12.04,2025-12-19 10:10:47,0.52,0.74,1.26,4.22,0.43,51.81,469
2025-12-19 10:00:00,2025-12-19 10:15:00,ETH_CALL+BTC_PUT,2025-12-19 10:14:01,0.27,0.1,0.37,0.97,2025-12-19 10:14:43,0.98,0.0,0.98,0.27,0.61,164.86,42
2025-12-19 10:00:00,2025-12-19 10:15:00,ETH_CALL+SOL_PUT,2025-12-19 10:13:56,0.3,0.02,0.32,1.06,2025-12-19 10:14:43,0.98,0.01,0.99,0.27,0.67,209.37,47
2025-12-19 10:00:00,2025-12-19 10:15:00,ETH_CALL+XRP_PUT,2025-12-19 10:14:01,0.27,0.05,0.32,0.97,2025-12-19 10:14:43,0.98,0.0,0.98,0.27,0.66,206.25,42
2025-12-19 10:00:00,2025-12-19 10:15:00,SOL_CALL+BTC_PUT,2025-12-19 10:07:33,0.56,0.26,0.8200000000000001,7.44,2025-12-19 10:11:23,0.75,0.36,1.1099999999999999,3.61,0.29,35.37,230
2025-12-19 10:00:00,2025-12-19 10:15:00,SOL_CALL+ETH_PUT,2025-12-19 10:06:59,0.67,0.2,0.8700000000000001,8.01,2025-12-19 10:13:56,0.98,0.7,1.68,1.06,0.81,93.1,417
2025-12-19 10:00:00,2025-12-19 10:15:00,SOL_CALL+XRP_PUT,2025-12-19 10:03:20,0.61,0.24,0.85,11.65,2025-12-19 10:11:33,0.91,0.42,1.33,3.45,0.48,56.47,492
2025-12-19 10:00:00,2025-12-19 10:15:00,XRP_CALL+BTC_PUT,2025-12-19 10:10:47,0.26,0.48,0.74,4.22,2025-12-19 10:14:02,0.97,0.09,1.06,0.96,0.32,43.24,196
2025-12-19 10:00:00,2025-12-19 10:15:00,XRP_CALL+ETH_PUT,2025-12-19 10:08:13,0.35,0.51,0.86,6.77,2025-12-19 10:14:01,0.95,0.73,1.68,0.97,0.82,95.35,348
2025-12-19 10:00:00,2025-12-19 10:15:00,XRP_CALL+SOL_PUT,2025-12-19 10:11:33,0.58,0.09,0.6699999999999999,3.45,2025-12-19 10:13:11,0.87,0.2,1.07,1.81,0.4,59.7,98
2025-12-19 10:15:00,2025-12-19 10:30:00,BTC_CALL+ETH_PUT,2025-12-19 10:25:34,0.06,0.55,0.6100000000000001,4.43,2025-12-19 10:27:47,0.0,0.98,0.98,2.21,0.37,60.66,133
2025-12-19 10:15:00,2025-12-19 10:30:00,BTC_CALL+SOL_PUT,2025-12-19 10:25:22,0.03,0.61,0.64,4.63,2025-12-19 10:27:00,0.0,0.97,0.97,2.99,0.33,51.56,98
2025-12-19 10:15:00,2025-12-19 10:30:00,BTC_CALL+XRP_PUT,2025-12-19 10:21:14,0.14,0.7,0.84,8.76,2025-12-19 10:23:07,0.06,0.94,1.0,6.87,0.16,19.05,113
2025-12-19 10:15:00,2025-12-19 10:30:00,ETH_CALL+BTC_PUT,2025-12-19 10:18:16,0.37,0.48,0.85,11.72,2025-12-19 10:25:34,0.45,0.94,1.39,4.43,0.54,63.53,437
2025-12-19 10:15:00,2025-12-19 10:30:00,ETH_CALL+SOL_PUT,2025-12-19 10:18:39,0.29,0.63,0.9199999999999999,11.33,2025-12-19 10:25:46,0.41,0.82,1.23,4.23,0.31,33.7,426
2025-12-19 10:15:00,2025-12-19 10:30:00,ETH_CALL+XRP_PUT,2025-12-19 10:18:11,0.43,0.4,0.8300000000000001,11.8,2025-12-19 10:25:27,0.44,0.81,1.25,4.55,0.42,50.6,435
2025-12-19 10:15:00,2025-12-19 10:30:00,SOL_CALL+BTC_PUT,2025-12-19 10:19:10,0.31,0.49,0.8,10.83,2025-12-19 10:25:22,0.39,0.97,1.3599999999999999,4.63,0.56,70.0,372
2025-12-19 10:15:00,2025-12-19 10:30:00,SOL_CALL+ETH_PUT,2025-12-19 10:25:46,0.18,0.59,0.77,4.23,2025-12-19 10:27:47,0.02,0.98,1.0,2.21,0.23,29.87,121
2025-12-19 10:15:00,2025-12-19 10:30:00,SOL_CALL+XRP_PUT,2025-12-19 10:19:27,0.31,0.53,0.8400000000000001,10.55,2025-12-19 10:25:22,0.39,0.81,1.2000000000000002,4.63,0.36,42.86,355
2025-12-19 10:15:00,2025-12-19 10:30:00,XRP_CALL+BTC_PUT,2025-12-19 10:16:36,0.51,0.39,0.9,13.39,2025-12-19 10:21:14,0.3,0.86,1.16,8.76,0.26,28.89,278
2025-12-19 10:15:00,2025-12-19 10:30:00,XRP_CALL+ETH_PUT,2025-12-19 10:25:27,0.19,0.56,0.75,4.55,2025-12-19 10:27:47,0.01,0.98,0.99,2.21,0.24,32.0,140
2025-12-19 10:15:00,2025-12-19 10:30:00,XRP_CALL+SOL_PUT,2025-12-19 10:16:33,0.52,0.42,0.94,13.44,2025-12-19 10:19:27,0.47,0.69,1.16,10.55,0.22,23.4,174
2025-12-19 10:30:00,2025-12-19 10:45:00,BTC_CALL+ETH_PUT,2025-12-19 10:30:02,0.53,0.48,1.01,14.96,2025-12-19 10:44:32,0.98,0.98,1.96,0.45,0.95,94.06,870
2025-12-19 10:30:00,2025-12-19 10:45:00,BTC_CALL+SOL_PUT,2025-12-19 10:32:09,0.43,0.37,0.8,12.84,2025-12-19 10:40:54,0.78,0.52,1.3,4.1,0.5,62.5,525
2025-12-19 10:30:00,2025-12-19 10:45:00,BTC_CALL+XRP_PUT,2025-12-19 10:31:44,0.45,0.33,0.78,13.25,2025-12-19 10:39:42,0.72,0.41,1.13,5.3,0.35,44.87,477
2025-12-19 10:30:00,2025-12-19 10:45:00,ETH_CALL+BTC_PUT,2025-12-19 10:41:44,0.16,0.06,0.22,3.26,2025-12-19 10:42:28,0.48,0.0,0.48,2.52,0.26,118.18,44
2025-12-19 10:30:00,2025-12-19 10:45:00,ETH_CALL+SOL_PUT,2025-12-19 10:41:05,0.18,0.12,0.3,3.91,2025-12-19 10:42:28,0.48,0.03,0.51,2.52,0.21,70.0,83
2025-12-19 10:30:00,2025-12-19 10:45:00,ETH_CALL+XRP_PUT,2025-12-19 10:41:30,0.16,0.16,0.32,3.49,2025-12-19 10:42:02,0.35,0.16,0.51,2.96,0.19,59.38,32
2025-12-19 10:30:00,2025-12-19 10:45:00,SOL_CALL+BTC_PUT,2025-12-19 10:40:54,0.48,0.22,0.7,4.1,2025-12-19 10:41:05,0.88,0.17,1.05,3.91,0.35,50.0,11
2025-12-19 10:30:00,2025-12-19 10:45:00,SOL_CALL+ETH_PUT,2025-12-19 10:30:01,0.53,0.48,1.01,14.98,2025-12-19 10:44:50,0.98,0.98,1.96,0.15,0.95,94.06,890
2025-12-19 10:30:00,2025-12-19 10:45:00,SOL_CALL+XRP_PUT,2025-12-19 10:40:54,0.48,0.3,0.78,4.1,2025-12-19 10:41:05,0.88,0.26,1.1400000000000001,3.91,0.36,46.15,11
2025-12-19 10:30:00,2025-12-19 10:45:00,XRP_CALL+BTC_PUT,2025-12-19 10:30:33,0.58,0.39,0.97,14.44,2025-12-19 10:31:44,0.67,0.55,1.2200000000000002,13.25,0.25,25.77,71
2025-12-19 10:30:00,2025-12-19 10:45:00,XRP_CALL+ETH_PUT,2025-12-19 10:30:01,0.53,0.48,1.01,14.98,2025-12-19 10:44:40,0.98,0.98,1.96,0.32,0.95,94.06,880
2025-12-19 10:30:00,2025-12-19 10:45:00,XRP_CALL+SOL_PUT,2025-12-19 10:41:05,0.74,0.12,0.86,3.91,2025-12-19 10:43:35,0.82,0.26,1.08,1.4,0.22,25.58,150
