timestamp,timestamp_ms,call_bid,call_ask,call_mid,put_bid,put_ask,put_mid,seconds_to_expiry
2026-02-02T11:30:00.571733,1770031800571,0.990000,1.000000,0.995000,0.000000,0.010000,0.005000,899.4
2026-02-02T11:30:01.572042,1770031801572,0.440000,0.450000,0.445000,0.550000,0.580000,0.565000,898.4
2026-02-02T11:30:02.572305,1770031802572,0.420000,0.430000,0.425000,0.570000,0.580000,0.575000,897.4
2026-02-02T11:30:03.572585,1770031803572,0.420000,0.430000,0.425000,0.570000,0.580000,0.575000,896.4
2026-02-02T11:30:04.572848,1770031804572,0.420000,0.430000,0.425000,0.570000,0.580000,0.575000,895.4
2026-02-02T11:30:05.573168,1770031805573,0.420000,0.430000,0.425000,0.570000,0.580000,0.575000,894.4
2026-02-02T11:30:06.573434,1770031806573,0.420000,0.430000,0.425000,0.570000,0.580000,0.575000,893.4
2026-02-02T11:30:07.573696,1770031807573,0.420000,0.430000,0.425000,0.570000,0.580000,0.575000,892.4
2026-02-02T11:30:08.573945,1770031808573,0.420000,0.430000,0.425000,0.570000,0.580000,0.575000,891.4
2026-02-02T11:30:09.574273,1770031809574,0.420000,0.430000,0.425000,0.570000,0.580000,0.575000,890.4
2026-02-02T11:30:10.574580,1770031810574,0.420000,0.430000,0.425000,0.570000,0.580000,0.575000,889.4
2026-02-02T11:30:11.574883,1770031811574,0.420000,0.430000,0.425000,0.570000,0.580000,0.575000,888.4
2026-02-02T11:30:12.575192,1770031812575,0.420000,0.430000,0.425000,0.570000,0.580000,0.575000,887.4
2026-02-02T11:30:13.575446,1770031813575,0.420000,0.430000,0.425000,0.570000,0.580000,0.575000,886.4
2026-02-02T11:30:14.575735,1770031814575,0.420000,0.430000,0.425000,0.570000,0.580000,0.575000,885.4
2026-02-02T11:30:15.576108,1770031815576,0.430000,0.440000,0.435000,0.560000,0.570000,0.565000,884.4
2026-02-02T11:30:16.576399,1770031816576,0.440000,0.450000,0.445000,0.560000,0.570000,0.565000,883.4
2026-02-02T11:30:17.576688,1770031817576,0.440000,0.450000,0.445000,0.550000,0.560000,0.555000,882.4
2026-02-02T11:30:18.576997,1770031818576,0.440000,0.450000,0.445000,0.550000,0.560000,0.555000,881.4
2026-02-02T11:30:19.577241,1770031819577,0.440000,0.450000,0.445000,0.550000,0.560000,0.555000,880.4
2026-02-02T11:30:20.577510,1770031820577,0.440000,0.450000,0.445000,0.550000,0.560000,0.555000,879.4
2026-02-02T11:30:21.577764,1770031821577,0.440000,0.450000,0.445000,0.550000,0.560000,0.555000,878.4
2026-02-02T11:30:22.578083,1770031822578,0.450000,0.460000,0.455000,0.530000,0.550000,0.540000,877.4
2026-02-02T11:30:23.578367,1770031823578,0.450000,0.460000,0.455000,0.540000,0.550000,0.545000,876.4
2026-02-02T11:30:24.578648,1770031824578,0.450000,0.460000,0.455000,0.540000,0.550000,0.545000,875.4
2026-02-02T11:30:25.578944,1770031825578,0.450000,0.460000,0.455000,0.540000,0.550000,0.545000,874.4
2026-02-02T11:30:26.579254,1770031826579,0.450000,0.460000,0.455000,0.540000,0.550000,0.545000,873.4
2026-02-02T11:30:27.579560,1770031827579,0.450000,0.460000,0.455000,0.540000,0.550000,0.545000,872.4
2026-02-02T11:30:28.579827,1770031828579,0.450000,0.460000,0.455000,0.540000,0.550000,0.545000,871.4
2026-02-02T11:30:29.580098,1770031829580,0.460000,0.470000,0.465000,0.530000,0.550000,0.540000,870.4
2026-02-02T11:30:30.580386,1770031830580,0.440000,0.450000,0.445000,0.550000,0.560000,0.555000,869.4
2026-02-02T11:30:31.580653,1770031831580,0.420000,0.440000,0.430000,0.560000,0.580000,0.570000,868.4
2026-02-02T11:30:32.580969,1770031832580,0.430000,0.440000,0.435000,0.550000,0.560000,0.555000,867.4
2026-02-02T11:30:33.581256,1770031833581,0.460000,0.480000,0.470000,0.520000,0.540000,0.530000,866.4
2026-02-02T11:30:34.581511,1770031834581,0.470000,0.480000,0.475000,0.520000,0.530000,0.525000,865.4
2026-02-02T11:30:35.581801,1770031835581,0.470000,0.480000,0.475000,0.520000,0.530000,0.525000,864.4
2026-02-02T11:30:36.582065,1770031836582,0.500000,0.510000,0.505000,0.490000,0.510000,0.500000,863.4
2026-02-02T11:30:37.582315,1770031837582,0.520000,0.540000,0.530000,0.450000,0.480000,0.465000,862.4
2026-02-02T11:30:38.582567,1770031838582,0.540000,0.550000,0.545000,0.450000,0.460000,0.455000,861.4
2026-02-02T11:30:39.582852,1770031839582,0.500000,0.520000,0.510000,0.480000,0.510000,0.495000,860.4
2026-02-02T11:30:40.583166,1770031840583,0.490000,0.500000,0.495000,0.500000,0.510000,0.505000,859.4
2026-02-02T11:30:41.583519,1770031841583,0.480000,0.500000,0.490000,0.500000,0.520000,0.510000,858.4
2026-02-02T11:30:42.583813,1770031842583,0.440000,0.450000,0.445000,0.550000,0.560000,0.555000,857.4
2026-02-02T11:30:43.584097,1770031843584,0.450000,0.470000,0.460000,0.540000,0.540000,0.540000,856.4
2026-02-02T11:30:44.588226,1770031844588,0.430000,0.440000,0.435000,0.560000,0.570000,0.565000,855.4
2026-02-02T11:30:45.588483,1770031845588,0.410000,0.420000,0.415000,0.580000,0.590000,0.585000,854.4
2026-02-02T11:30:46.588744,1770031846588,0.400000,0.410000,0.405000,0.570000,0.580000,0.575000,853.4
2026-02-02T11:30:47.589010,1770031847589,0.400000,0.410000,0.405000,0.600000,0.610000,0.605000,852.4
2026-02-02T11:30:48.589254,1770031848589,0.390000,0.400000,0.395000,0.600000,0.610000,0.605000,851.4
2026-02-02T11:30:49.589506,1770031849589,0.350000,0.390000,0.370000,0.630000,0.660000,0.645000,850.4
2026-02-02T11:30:50.589752,1770031850589,0.340000,0.350000,0.345000,0.660000,0.670000,0.665000,849.4
2026-02-02T11:30:51.590038,1770031851590,0.340000,0.350000,0.345000,0.650000,0.660000,0.655000,848.4
2026-02-02T11:30:52.590319,1770031852590,0.400000,0.410000,0.405000,0.590000,0.600000,0.595000,847.4
2026-02-02T11:30:53.590618,1770031853590,0.410000,0.420000,0.415000,0.580000,0.590000,0.585000,846.4
2026-02-02T11:30:54.590868,1770031854590,0.380000,0.400000,0.390000,0.590000,0.610000,0.600000,845.4
2026-02-02T11:30:55.591183,1770031855591,0.390000,0.400000,0.395000,0.610000,0.610000,0.610000,844.4
2026-02-02T11:30:56.591491,1770031856591,0.410000,0.420000,0.415000,0.580000,0.590000,0.585000,843.4
2026-02-02T11:30:57.591782,1770031857591,0.410000,0.420000,0.415000,0.580000,0.590000,0.585000,842.4
2026-02-02T11:30:58.592058,1770031858592,0.410000,0.420000,0.415000,0.580000,0.590000,0.585000,841.4
2026-02-02T11:30:59.592316,1770031859592,0.410000,0.420000,0.415000,0.580000,0.590000,0.585000,840.4
2026-02-02T11:31:00.592602,1770031860592,0.410000,0.420000,0.415000,0.580000,0.590000,0.585000,839.4
2026-02-02T11:31:01.592911,1770031861592,0.460000,0.470000,0.465000,0.530000,0.550000,0.540000,838.4
2026-02-02T11:31:02.593178,1770031862593,0.480000,0.490000,0.485000,0.520000,0.540000,0.530000,837.4
2026-02-02T11:31:03.593468,1770031863593,0.480000,0.490000,0.485000,0.510000,0.520000,0.515000,836.4
2026-02-02T11:31:04.593758,1770031864593,0.490000,0.500000,0.495000,0.500000,0.510000,0.505000,835.4
2026-02-02T11:31:05.594071,1770031865594,0.470000,0.470000,0.470000,0.540000,0.560000,0.550000,834.4
2026-02-02T11:31:06.594370,1770031866594,0.430000,0.440000,0.435000,0.550000,0.560000,0.555000,833.4
2026-02-02T11:31:07.594626,1770031867594,0.440000,0.450000,0.445000,0.550000,0.560000,0.555000,832.4
2026-02-02T11:31:08.594901,1770031868594,0.450000,0.460000,0.455000,0.530000,0.540000,0.535000,831.4
2026-02-02T11:31:09.595150,1770031869595,0.440000,0.450000,0.445000,0.550000,0.560000,0.555000,830.4
2026-02-02T11:31:10.595427,1770031870595,0.420000,0.430000,0.425000,0.570000,0.600000,0.585000,829.4
2026-02-02T11:31:11.595709,1770031871595,0.370000,0.390000,0.380000,0.610000,0.640000,0.625000,828.4
2026-02-02T11:31:12.596046,1770031872596,0.380000,0.390000,0.385000,0.610000,0.620000,0.615000,827.4
2026-02-02T11:31:13.596352,1770031873596,0.360000,0.370000,0.365000,0.630000,0.640000,0.635000,826.4
2026-02-02T11:31:14.596621,1770031874596,0.370000,0.380000,0.375000,0.620000,0.630000,0.625000,825.4
2026-02-02T11:31:15.596876,1770031875596,0.370000,0.380000,0.375000,0.620000,0.630000,0.625000,824.4
2026-02-02T11:31:16.597173,1770031876597,0.370000,0.400000,0.385000,0.620000,0.630000,0.625000,823.4
2026-02-02T11:31:17.597436,1770031877597,0.390000,0.400000,0.395000,0.600000,0.610000,0.605000,822.4
2026-02-02T11:31:18.597747,1770031878597,0.400000,0.410000,0.405000,0.600000,0.600000,0.600000,821.4
2026-02-02T11:31:19.598018,1770031879598,0.400000,0.410000,0.405000,0.590000,0.600000,0.595000,820.4
2026-02-02T11:31:20.598334,1770031880598,0.410000,0.420000,0.415000,0.580000,0.590000,0.585000,819.4
2026-02-02T11:31:21.598670,1770031881598,0.400000,0.410000,0.405000,0.590000,0.600000,0.595000,818.4
2026-02-02T11:31:22.598963,1770031882598,0.400000,0.410000,0.405000,0.590000,0.600000,0.595000,817.4
2026-02-02T11:31:23.599253,1770031883599,0.390000,0.400000,0.395000,0.600000,0.610000,0.605000,816.4
2026-02-02T11:31:24.599568,1770031884599,0.390000,0.400000,0.395000,0.600000,0.610000,0.605000,815.4
2026-02-02T11:31:25.599911,1770031885599,0.390000,0.460000,0.425000,0.600000,0.610000,0.605000,814.4
2026-02-02T11:31:26.600246,1770031886600,0.460000,0.470000,0.465000,0.530000,0.540000,0.535000,813.4
2026-02-02T11:31:27.600514,1770031887600,0.470000,0.480000,0.475000,0.520000,0.530000,0.525000,812.4
2026-02-02T11:31:28.600810,1770031888600,0.490000,0.500000,0.495000,0.500000,0.510000,0.505000,811.4
2026-02-02T11:31:29.601069,1770031889601,0.480000,0.490000,0.485000,0.510000,0.520000,0.515000,810.4
2026-02-02T11:31:30.601399,1770031890601,0.480000,0.490000,0.485000,0.510000,0.520000,0.515000,809.4
2026-02-02T11:31:31.601721,1770031891601,0.490000,0.500000,0.495000,0.500000,0.510000,0.505000,808.4
2026-02-02T11:31:32.601997,1770031892601,0.490000,0.500000,0.495000,0.500000,0.510000,0.505000,807.4
2026-02-02T11:31:33.602290,1770031893602,0.490000,0.500000,0.495000,0.500000,0.510000,0.505000,806.4
2026-02-02T11:31:34.602585,1770031894602,0.490000,0.500000,0.495000,0.500000,0.510000,0.505000,805.4
2026-02-02T11:31:35.602869,1770031895602,0.490000,0.500000,0.495000,0.500000,0.510000,0.505000,804.4
2026-02-02T11:31:36.603300,1770031896603,0.490000,0.500000,0.495000,0.500000,0.510000,0.505000,803.4
2026-02-02T11:31:37.603567,1770031897603,0.490000,0.500000,0.495000,0.500000,0.510000,0.505000,802.4
2026-02-02T11:31:38.603850,1770031898603,0.490000,0.500000,0.495000,0.500000,0.510000,0.505000,801.4
2026-02-02T11:31:39.604146,1770031899604,0.490000,0.500000,0.495000,0.500000,0.510000,0.505000,800.4
2026-02-02T11:31:40.604459,1770031900604,0.500000,0.520000,0.510000,0.480000,0.490000,0.485000,799.4
2026-02-02T11:31:41.604759,1770031901604,0.540000,0.550000,0.545000,0.480000,0.490000,0.485000,798.4
2026-02-02T11:31:42.605026,1770031902605,0.540000,0.550000,0.545000,0.450000,0.460000,0.455000,797.4
2026-02-02T11:31:43.605294,1770031903605,0.550000,0.560000,0.555000,0.450000,0.450000,0.450000,796.4
2026-02-02T11:31:44.605633,1770031904605,0.550000,0.560000,0.555000,0.440000,0.450000,0.445000,795.4
2026-02-02T11:31:45.605983,1770031905605,0.550000,0.550000,0.550000,0.450000,0.460000,0.455000,794.4
2026-02-02T11:31:46.606384,1770031906606,0.540000,0.550000,0.545000,0.450000,0.460000,0.455000,793.4
2026-02-02T11:31:47.606725,1770031907606,0.550000,0.570000,0.560000,0.430000,0.450000,0.440000,792.4
2026-02-02T11:31:48.607033,1770031908607,0.560000,0.570000,0.565000,0.430000,0.440000,0.435000,791.4
2026-02-02T11:31:49.607293,1770031909607,0.560000,0.570000,0.565000,0.430000,0.440000,0.435000,790.4
2026-02-02T11:31:50.607549,1770031910607,0.560000,0.570000,0.565000,0.430000,0.440000,0.435000,789.4
2026-02-02T11:31:51.607830,1770031911607,0.550000,0.560000,0.555000,0.440000,0.450000,0.445000,788.4
2026-02-02T11:31:52.608098,1770031912608,0.550000,0.560000,0.555000,0.440000,0.450000,0.445000,787.4
2026-02-02T11:31:53.608359,1770031913608,0.550000,0.560000,0.555000,0.440000,0.450000,0.445000,786.4
2026-02-02T11:31:54.608612,1770031914608,0.560000,0.570000,0.565000,0.430000,0.440000,0.435000,785.4
2026-02-02T11:31:55.609015,1770031915609,0.560000,0.570000,0.565000,0.430000,0.450000,0.440000,784.4
2026-02-02T11:31:56.609345,1770031916609,0.550000,0.560000,0.555000,0.440000,0.450000,0.445000,783.4
2026-02-02T11:31:57.609607,1770031917609,0.570000,0.580000,0.575000,0.440000,0.450000,0.445000,782.4
2026-02-02T11:31:58.609861,1770031918609,0.560000,0.570000,0.565000,0.420000,0.430000,0.425000,781.4
2026-02-02T11:31:59.610112,1770031919610,0.560000,0.570000,0.565000,0.430000,0.440000,0.435000,780.4
2026-02-02T11:32:00.610384,1770031920610,0.560000,0.570000,0.565000,0.430000,0.440000,0.435000,779.4
2026-02-02T11:32:01.610673,1770031921610,0.560000,0.570000,0.565000,0.430000,0.440000,0.435000,778.4
2026-02-02T11:32:02.610967,1770031922610,0.540000,0.550000,0.545000,0.450000,0.460000,0.455000,777.4
2026-02-02T11:32:03.611333,1770031923611,0.540000,0.550000,0.545000,0.450000,0.460000,0.455000,776.4
2026-02-02T11:32:04.611622,1770031924611,0.540000,0.550000,0.545000,0.450000,0.460000,0.455000,775.4
2026-02-02T11:32:05.611923,1770031925611,0.540000,0.550000,0.545000,0.450000,0.460000,0.455000,774.4
2026-02-02T11:32:06.612202,1770031926612,0.540000,0.550000,0.545000,0.450000,0.460000,0.455000,773.4
2026-02-02T11:32:07.612453,1770031927612,0.550000,0.560000,0.555000,0.440000,0.450000,0.445000,772.4
2026-02-02T11:32:08.612702,1770031928612,0.550000,0.560000,0.555000,0.440000,0.450000,0.445000,771.4
2026-02-02T11:32:09.612962,1770031929612,0.550000,0.560000,0.555000,0.440000,0.450000,0.445000,770.4
2026-02-02T11:32:10.613251,1770031930613,0.550000,0.560000,0.555000,0.440000,0.450000,0.445000,769.4
2026-02-02T11:32:11.613572,1770031931613,0.550000,0.560000,0.555000,0.440000,0.450000,0.445000,768.4
2026-02-02T11:32:12.613899,1770031932613,0.550000,0.560000,0.555000,0.430000,0.450000,0.440000,767.4
2026-02-02T11:32:13.614172,1770031933614,0.550000,0.560000,0.555000,0.440000,0.450000,0.445000,766.4
2026-02-02T11:32:14.614448,1770031934614,0.540000,0.550000,0.545000,0.450000,0.460000,0.455000,765.4
2026-02-02T11:32:15.614736,1770031935614,0.550000,0.560000,0.555000,0.440000,0.450000,0.445000,764.4
2026-02-02T11:32:16.615039,1770031936615,0.550000,0.560000,0.555000,0.440000,0.450000,0.445000,763.4
2026-02-02T11:32:17.615350,1770031937615,0.550000,0.560000,0.555000,0.440000,0.450000,0.445000,762.4
2026-02-02T11:32:18.615699,1770031938615,0.550000,0.560000,0.555000,0.440000,0.450000,0.445000,761.4
2026-02-02T11:32:19.615993,1770031939615,0.550000,0.560000,0.555000,0.440000,0.450000,0.445000,760.4
2026-02-02T11:32:20.616300,1770031940616,0.550000,0.560000,0.555000,0.440000,0.450000,0.445000,759.4
2026-02-02T11:32:21.616579,1770031941616,0.550000,0.560000,0.555000,0.440000,0.450000,0.445000,758.4
2026-02-02T11:32:22.616839,1770031942616,0.550000,0.560000,0.555000,0.450000,0.460000,0.455000,757.4
2026-02-02T11:32:23.617139,1770031943617,0.530000,0.540000,0.535000,0.460000,0.470000,0.465000,756.4
2026-02-02T11:32:24.617404,1770031944617,0.530000,0.540000,0.535000,0.460000,0.470000,0.465000,755.4
2026-02-02T11:32:25.617675,1770031945617,0.530000,0.540000,0.535000,0.460000,0.470000,0.465000,754.4
2026-02-02T11:32:26.617933,1770031946617,0.530000,0.540000,0.535000,0.460000,0.470000,0.465000,753.4
2026-02-02T11:32:27.618225,1770031947618,0.540000,0.550000,0.545000,0.450000,0.460000,0.455000,752.4
2026-02-02T11:32:28.618493,1770031948618,0.540000,0.550000,0.545000,0.450000,0.460000,0.455000,751.4
2026-02-02T11:32:29.618755,1770031949618,0.540000,0.560000,0.550000,0.440000,0.450000,0.445000,750.4
2026-02-02T11:32:30.619081,1770031950619,0.550000,0.560000,0.555000,0.440000,0.450000,0.445000,749.4
2026-02-02T11:32:31.619434,1770031951619,0.540000,0.550000,0.545000,0.450000,0.460000,0.455000,748.4
2026-02-02T11:32:32.619702,1770031952619,0.540000,0.550000,0.545000,0.450000,0.460000,0.455000,747.4
2026-02-02T11:32:33.619973,1770031953619,0.540000,0.550000,0.545000,0.450000,0.460000,0.455000,746.4
2026-02-02T11:32:34.620246,1770031954620,0.540000,0.550000,0.545000,0.450000,0.460000,0.455000,745.4
2026-02-02T11:32:35.620540,1770031955620,0.540000,0.550000,0.545000,0.450000,0.460000,0.455000,744.4
2026-02-02T11:32:36.620805,1770031956620,0.540000,0.550000,0.545000,0.450000,0.460000,0.455000,743.4
2026-02-02T11:32:37.621048,1770031957621,0.550000,0.560000,0.555000,0.440000,0.450000,0.445000,742.4
2026-02-02T11:32:38.621353,1770031958621,0.550000,0.560000,0.555000,0.440000,0.450000,0.445000,741.4
2026-02-02T11:32:39.621691,1770031959621,0.550000,0.560000,0.555000,0.440000,0.450000,0.445000,740.4
2026-02-02T11:32:40.622049,1770031960622,0.550000,0.560000,0.555000,0.430000,0.440000,0.435000,739.4
2026-02-02T11:32:41.622318,1770031961622,0.560000,0.570000,0.565000,0.430000,0.440000,0.435000,738.4
2026-02-02T11:32:42.622666,1770031962622,0.560000,0.570000,0.565000,0.430000,0.440000,0.435000,737.4
2026-02-02T11:32:43.622941,1770031963622,0.540000,0.550000,0.545000,0.440000,0.460000,0.450000,736.4
2026-02-02T11:32:44.623218,1770031964623,0.540000,0.550000,0.545000,0.440000,0.450000,0.445000,735.4
2026-02-02T11:32:45.623533,1770031965623,0.540000,0.550000,0.545000,0.450000,0.460000,0.455000,734.4
2026-02-02T11:32:46.623830,1770031966623,0.540000,0.550000,0.545000,0.450000,0.460000,0.455000,733.4
2026-02-02T11:32:47.624132,1770031967624,0.540000,0.550000,0.545000,0.450000,0.460000,0.455000,732.4
2026-02-02T11:32:48.624390,1770031968624,0.540000,0.550000,0.545000,0.450000,0.460000,0.455000,731.4
2026-02-02T11:32:49.624641,1770031969624,0.510000,0.520000,0.515000,0.450000,0.460000,0.455000,730.4
2026-02-02T11:32:50.624926,1770031970624,0.510000,0.520000,0.515000,0.470000,0.480000,0.475000,729.4
2026-02-02T11:32:51.625188,1770031971625,0.520000,0.530000,0.525000,0.470000,0.480000,0.475000,728.4
2026-02-02T11:32:52.625506,1770031972625,0.510000,0.520000,0.515000,0.480000,0.490000,0.485000,727.4
2026-02-02T11:32:53.625759,1770031973625,0.510000,0.520000,0.515000,0.480000,0.490000,0.485000,726.4
2026-02-02T11:32:54.626033,1770031974626,0.510000,0.520000,0.515000,0.480000,0.490000,0.485000,725.4
2026-02-02T11:32:55.626388,1770031975626,0.510000,0.520000,0.515000,0.480000,0.490000,0.485000,724.4
2026-02-02T11:32:56.626668,1770031976626,0.510000,0.520000,0.515000,0.480000,0.490000,0.485000,723.4
2026-02-02T11:32:57.627021,1770031977627,0.510000,0.520000,0.515000,0.480000,0.490000,0.485000,722.4
2026-02-02T11:32:58.627283,1770031978627,0.510000,0.530000,0.520000,0.480000,0.490000,0.485000,721.4
2026-02-02T11:32:59.627557,1770031979627,0.530000,0.540000,0.535000,0.460000,0.470000,0.465000,720.4
2026-02-02T11:33:00.627821,1770031980627,0.530000,0.540000,0.535000,0.460000,0.470000,0.465000,719.4
2026-02-02T11:33:01.628106,1770031981628,0.530000,0.540000,0.535000,0.460000,0.470000,0.465000,718.4
2026-02-02T11:33:02.628518,1770031982628,0.540000,0.550000,0.545000,0.440000,0.450000,0.445000,717.4
2026-02-02T11:33:03.628786,1770031983628,0.550000,0.560000,0.555000,0.440000,0.450000,0.445000,716.4
2026-02-02T11:33:04.629124,1770031984629,0.550000,0.560000,0.555000,0.440000,0.450000,0.445000,715.4
2026-02-02T11:33:05.629449,1770031985629,0.550000,0.560000,0.555000,0.440000,0.440000,0.440000,714.4
2026-02-02T11:33:06.629742,1770031986629,0.560000,0.570000,0.565000,0.430000,0.440000,0.435000,713.4
2026-02-02T11:33:07.630023,1770031987630,0.560000,0.570000,0.565000,0.430000,0.440000,0.435000,712.4
2026-02-02T11:33:08.630354,1770031988630,0.560000,0.570000,0.565000,0.430000,0.440000,0.435000,711.4
2026-02-02T11:33:09.630661,1770031989630,0.560000,0.570000,0.565000,0.430000,0.440000,0.435000,710.4
2026-02-02T11:33:10.630955,1770031990630,0.560000,0.570000,0.565000,0.420000,0.430000,0.425000,709.4
2026-02-02T11:33:11.631246,1770031991631,0.570000,0.580000,0.575000,0.420000,0.430000,0.425000,708.4
2026-02-02T11:33:12.631506,1770031992631,0.570000,0.580000,0.575000,0.420000,0.430000,0.425000,707.4
2026-02-02T11:33:13.631809,1770031993631,0.570000,0.580000,0.575000,0.420000,0.430000,0.425000,706.4
2026-02-02T11:33:14.632079,1770031994632,0.570000,0.580000,0.575000,0.420000,0.430000,0.425000,705.4
2026-02-02T11:33:15.632338,1770031995632,0.570000,0.580000,0.575000,0.420000,0.430000,0.425000,704.4
2026-02-02T11:33:16.632673,1770031996632,0.570000,0.580000,0.575000,0.420000,0.430000,0.425000,703.4
2026-02-02T11:33:17.633006,1770031997633,0.570000,0.580000,0.575000,0.420000,0.430000,0.425000,702.4
2026-02-02T11:33:18.633302,1770031998633,0.570000,0.580000,0.575000,0.420000,0.430000,0.425000,701.4
2026-02-02T11:33:19.633624,1770031999633,0.570000,0.580000,0.575000,0.420000,0.430000,0.425000,700.4
2026-02-02T11:33:20.633927,1770032000633,0.570000,0.580000,0.575000,0.420000,0.430000,0.425000,699.4
2026-02-02T11:33:21.634210,1770032001634,0.570000,0.580000,0.575000,0.420000,0.430000,0.425000,698.4
2026-02-02T11:33:22.634560,1770032002634,0.580000,0.590000,0.585000,0.420000,0.420000,0.420000,697.4
2026-02-02T11:33:23.634872,1770032003634,0.580000,0.590000,0.585000,0.410000,0.420000,0.415000,696.4
2026-02-02T11:33:24.635167,1770032004635,0.580000,0.590000,0.585000,0.410000,0.420000,0.415000,695.4
2026-02-02T11:33:25.635439,1770032005635,0.590000,0.610000,0.600000,0.390000,0.400000,0.395000,694.4
2026-02-02T11:33:26.635722,1770032006635,0.600000,0.610000,0.605000,0.390000,0.400000,0.395000,693.4
2026-02-02T11:33:27.636005,1770032007636,0.600000,0.610000,0.605000,0.390000,0.400000,0.395000,692.4
2026-02-02T11:33:28.636286,1770032008636,0.600000,0.610000,0.605000,0.390000,0.400000,0.395000,691.4
2026-02-02T11:33:29.636611,1770032009636,0.580000,0.590000,0.585000,0.390000,0.400000,0.395000,690.4
2026-02-02T11:33:30.636917,1770032010636,0.570000,0.580000,0.575000,0.420000,0.430000,0.425000,689.4
2026-02-02T11:33:31.637209,1770032011637,0.570000,0.580000,0.575000,0.420000,0.430000,0.425000,688.4
2026-02-02T11:33:32.637537,1770032012637,0.570000,0.580000,0.575000,0.420000,0.430000,0.425000,687.4
2026-02-02T11:33:33.637810,1770032013637,0.580000,0.590000,0.585000,0.410000,0.420000,0.415000,686.4
2026-02-02T11:33:34.638065,1770032014638,0.580000,0.590000,0.585000,0.410000,0.420000,0.415000,685.4
2026-02-02T11:33:35.638402,1770032015638,0.540000,0.550000,0.545000,0.410000,0.450000,0.430000,684.4
2026-02-02T11:33:36.638674,1770032016638,0.540000,0.550000,0.545000,0.450000,0.460000,0.455000,683.4
2026-02-02T11:33:37.638932,1770032017638,0.530000,0.540000,0.535000,0.450000,0.470000,0.460000,682.4
2026-02-02T11:33:38.639173,1770032018639,0.530000,0.550000,0.540000,0.450000,0.460000,0.455000,681.4
2026-02-02T11:33:39.639450,1770032019639,0.550000,0.560000,0.555000,0.440000,0.450000,0.445000,680.4
2026-02-02T11:33:40.639734,1770032020639,0.560000,0.590000,0.575000,0.410000,0.420000,0.415000,679.4
2026-02-02T11:33:41.640042,1770032021640,0.600000,0.620000,0.610000,0.380000,0.390000,0.385000,678.4
2026-02-02T11:33:42.640305,1770032022640,0.610000,0.620000,0.615000,0.380000,0.390000,0.385000,677.4
2026-02-02T11:33:43.640577,1770032023640,0.620000,0.630000,0.625000,0.380000,0.390000,0.385000,676.4
2026-02-02T11:33:44.640841,1770032024640,0.620000,0.630000,0.625000,0.370000,0.380000,0.375000,675.4
2026-02-02T11:33:45.641130,1770032025641,0.620000,0.630000,0.625000,0.370000,0.380000,0.375000,674.4
2026-02-02T11:33:46.641397,1770032026641,0.580000,0.590000,0.585000,0.390000,0.400000,0.395000,673.4
2026-02-02T11:33:47.641668,1770032027641,0.580000,0.590000,0.585000,0.410000,0.420000,0.415000,672.4
2026-02-02T11:33:48.641982,1770032028641,0.580000,0.590000,0.585000,0.410000,0.450000,0.430000,671.4
2026-02-02T11:33:49.642252,1770032029642,0.550000,0.560000,0.555000,0.440000,0.450000,0.445000,670.4
2026-02-02T11:33:50.642540,1770032030642,0.550000,0.560000,0.555000,0.440000,0.450000,0.445000,669.4
2026-02-02T11:33:51.642804,1770032031642,0.550000,0.560000,0.555000,0.440000,0.450000,0.445000,668.4
2026-02-02T11:33:52.643084,1770032032643,0.550000,0.560000,0.555000,0.440000,0.450000,0.445000,667.4
2026-02-02T11:33:53.643366,1770032033643,0.560000,0.580000,0.570000,0.440000,0.450000,0.445000,666.4
2026-02-02T11:33:54.643620,1770032034643,0.570000,0.580000,0.575000,0.420000,0.430000,0.425000,665.4
2026-02-02T11:33:55.643989,1770032035643,0.570000,0.560000,0.565000,0.420000,0.430000,0.425000,664.4
2026-02-02T11:33:56.644245,1770032036644,0.550000,0.560000,0.555000,0.440000,0.470000,0.455000,663.4
2026-02-02T11:33:57.644542,1770032037644,0.530000,0.540000,0.535000,0.460000,0.470000,0.465000,662.4
2026-02-02T11:33:58.644813,1770032038644,0.530000,0.540000,0.535000,0.460000,0.470000,0.465000,661.4
2026-02-02T11:33:59.645084,1770032039645,0.530000,0.540000,0.535000,0.460000,0.470000,0.465000,660.4
2026-02-02T11:34:00.645343,1770032040645,0.530000,0.540000,0.535000,0.460000,0.470000,0.465000,659.4
2026-02-02T11:34:01.645701,1770032041645,0.530000,0.540000,0.535000,0.510000,0.520000,0.515000,658.4
2026-02-02T11:34:02.646036,1770032042646,0.480000,0.490000,0.485000,0.510000,0.530000,0.520000,657.4
2026-02-02T11:34:03.646355,1770032043646,0.470000,0.480000,0.475000,0.520000,0.530000,0.525000,656.4
2026-02-02T11:34:04.646667,1770032044646,0.470000,0.480000,0.475000,0.520000,0.530000,0.525000,655.4
2026-02-02T11:34:05.646943,1770032045646,0.470000,0.480000,0.475000,0.520000,0.530000,0.525000,654.4
2026-02-02T11:34:06.647197,1770032046647,0.490000,0.500000,0.495000,0.500000,0.510000,0.505000,653.4
2026-02-02T11:34:07.647464,1770032047647,0.510000,0.520000,0.515000,0.490000,0.500000,0.495000,652.4
2026-02-02T11:34:08.647775,1770032048647,0.550000,0.560000,0.555000,0.450000,0.450000,0.450000,651.4
2026-02-02T11:34:09.648055,1770032049648,0.550000,0.560000,0.555000,0.430000,0.450000,0.440000,650.4
2026-02-02T11:34:10.648356,1770032050648,0.560000,0.570000,0.565000,0.430000,0.430000,0.430000,649.4
2026-02-02T11:34:11.648661,1770032051648,0.590000,0.600000,0.595000,0.400000,0.410000,0.405000,648.4
2026-02-02T11:34:12.648961,1770032052648,0.590000,0.600000,0.595000,0.400000,0.410000,0.405000,647.4
2026-02-02T11:34:13.649276,1770032053649,0.590000,0.600000,0.595000,0.400000,0.410000,0.405000,646.4
2026-02-02T11:34:14.649543,1770032054649,0.590000,0.600000,0.595000,0.400000,0.410000,0.405000,645.4
2026-02-02T11:34:15.649878,1770032055649,0.590000,0.600000,0.595000,0.400000,0.410000,0.405000,644.4
2026-02-02T11:34:16.650224,1770032056650,0.580000,0.590000,0.585000,0.410000,0.420000,0.415000,643.3
2026-02-02T11:34:17.650498,1770032057650,0.580000,0.590000,0.585000,0.410000,0.420000,0.415000,642.3
2026-02-02T11:34:18.650769,1770032058650,0.590000,0.600000,0.595000,0.400000,0.410000,0.405000,641.3
2026-02-02T11:34:19.651049,1770032059651,0.580000,0.590000,0.585000,0.410000,0.420000,0.415000,640.3
2026-02-02T11:34:20.651450,1770032060651,0.580000,0.590000,0.585000,0.410000,0.420000,0.415000,639.3
2026-02-02T11:34:21.651796,1770032061651,0.580000,0.590000,0.585000,0.410000,0.420000,0.415000,638.3
2026-02-02T11:34:22.652120,1770032062652,0.580000,0.590000,0.585000,0.410000,0.420000,0.415000,637.3
2026-02-02T11:34:23.652384,1770032063652,0.580000,0.590000,0.585000,0.410000,0.420000,0.415000,636.3
2026-02-02T11:34:24.652672,1770032064652,0.590000,0.600000,0.595000,0.400000,0.410000,0.405000,635.3
2026-02-02T11:34:25.652954,1770032065652,0.590000,0.600000,0.595000,0.400000,0.410000,0.405000,634.3
2026-02-02T11:34:26.653245,1770032066653,0.590000,0.600000,0.595000,0.400000,0.410000,0.405000,633.3
2026-02-02T11:34:27.653526,1770032067653,0.590000,0.600000,0.595000,0.400000,0.410000,0.405000,632.3
2026-02-02T11:34:28.653787,1770032068653,0.590000,0.600000,0.595000,0.400000,0.410000,0.405000,631.3
2026-02-02T11:34:29.654099,1770032069654,0.590000,0.600000,0.595000,0.400000,0.410000,0.405000,630.3
2026-02-02T11:34:30.654420,1770032070654,0.590000,0.610000,0.600000,0.400000,0.410000,0.405000,629.3
2026-02-02T11:34:31.654855,1770032071654,0.600000,0.610000,0.605000,0.390000,0.400000,0.395000,628.3
2026-02-02T11:34:32.655140,1770032072655,0.600000,0.610000,0.605000,0.390000,0.400000,0.395000,627.3
2026-02-02T11:34:33.655461,1770032073655,0.600000,0.610000,0.605000,0.390000,0.400000,0.395000,626.3
2026-02-02T11:34:34.655730,1770032074655,0.610000,0.620000,0.615000,0.380000,0.390000,0.385000,625.3
2026-02-02T11:34:35.656083,1770032075656,0.610000,0.630000,0.620000,0.360000,0.380000,0.370000,624.3
2026-02-02T11:34:36.656364,1770032076656,0.630000,0.640000,0.635000,0.360000,0.370000,0.365000,623.3
2026-02-02T11:34:37.656612,1770032077656,0.620000,0.630000,0.625000,0.370000,0.380000,0.375000,622.3
2026-02-02T11:34:38.656866,1770032078656,0.620000,0.630000,0.625000,0.370000,0.380000,0.375000,621.3
2026-02-02T11:34:39.657127,1770032079657,0.620000,0.630000,0.625000,0.370000,0.380000,0.375000,620.3
2026-02-02T11:34:40.657413,1770032080657,0.650000,0.660000,0.655000,0.340000,0.350000,0.345000,619.3
2026-02-02T11:34:41.657761,1770032081657,0.650000,0.660000,0.655000,0.340000,0.350000,0.345000,618.3
2026-02-02T11:34:42.658042,1770032082658,0.650000,0.660000,0.655000,0.340000,0.350000,0.345000,617.3
2026-02-02T11:34:43.658318,1770032083658,0.650000,0.660000,0.655000,0.340000,0.350000,0.345000,616.3
2026-02-02T11:34:44.658566,1770032084658,0.650000,0.660000,0.655000,0.340000,0.350000,0.345000,615.3
2026-02-02T11:34:45.658896,1770032085658,0.650000,0.660000,0.655000,0.340000,0.350000,0.345000,614.3
2026-02-02T11:34:46.659210,1770032086659,0.650000,0.660000,0.655000,0.340000,0.350000,0.345000,613.3
2026-02-02T11:34:47.659500,1770032087659,0.660000,0.670000,0.665000,0.330000,0.340000,0.335000,612.3
2026-02-02T11:34:48.659764,1770032088659,0.660000,0.670000,0.665000,0.330000,0.340000,0.335000,611.3
2026-02-02T11:34:49.660043,1770032089660,0.630000,0.640000,0.635000,0.360000,0.370000,0.365000,610.3
2026-02-02T11:34:50.660326,1770032090660,0.630000,0.640000,0.635000,0.360000,0.370000,0.365000,609.3
2026-02-02T11:34:51.660591,1770032091660,0.630000,0.640000,0.635000,0.350000,0.360000,0.355000,608.3
2026-02-02T11:34:52.660862,1770032092660,0.640000,0.650000,0.645000,0.350000,0.360000,0.355000,607.3
2026-02-02T11:34:53.661112,1770032093661,0.640000,0.650000,0.645000,0.350000,0.360000,0.355000,606.3
2026-02-02T11:34:54.661381,1770032094661,0.640000,0.650000,0.645000,0.350000,0.360000,0.355000,605.3
2026-02-02T11:34:55.661691,1770032095661,0.640000,0.650000,0.645000,0.350000,0.360000,0.355000,604.3
2026-02-02T11:34:56.661992,1770032096661,0.640000,0.650000,0.645000,0.350000,0.360000,0.355000,603.3
2026-02-02T11:34:57.662368,1770032097662,0.630000,0.640000,0.635000,0.360000,0.370000,0.365000,602.3
2026-02-02T11:34:58.662647,1770032098662,0.630000,0.640000,0.635000,0.360000,0.370000,0.365000,601.3
2026-02-02T11:34:59.662910,1770032099662,0.630000,0.640000,0.635000,0.360000,0.370000,0.365000,600.3
2026-02-02T11:35:00.663171,1770032100663,0.630000,0.640000,0.635000,0.360000,0.370000,0.365000,599.3
2026-02-02T11:35:01.663535,1770032101663,0.630000,0.640000,0.635000,0.360000,0.370000,0.365000,598.3
2026-02-02T11:35:02.663892,1770032102663,0.620000,0.630000,0.625000,0.370000,0.380000,0.375000,597.3
2026-02-02T11:35:03.664182,1770032103664,0.620000,0.620000,0.620000,0.370000,0.380000,0.375000,596.3
2026-02-02T11:35:04.664507,1770032104664,0.620000,0.630000,0.625000,0.380000,0.380000,0.380000,595.3
2026-02-02T11:35:05.664787,1770032105664,0.620000,0.630000,0.625000,0.370000,0.380000,0.375000,594.3
2026-02-02T11:35:06.665054,1770032106665,0.620000,0.630000,0.625000,0.370000,0.380000,0.375000,593.3
2026-02-02T11:35:07.665368,1770032107665,0.620000,0.630000,0.625000,0.370000,0.380000,0.375000,592.3
2026-02-02T11:35:08.665754,1770032108665,0.620000,0.630000,0.625000,0.370000,0.380000,0.375000,591.3
2026-02-02T11:35:09.666043,1770032109666,0.620000,0.630000,0.625000,0.370000,0.380000,0.375000,590.3
2026-02-02T11:35:10.666305,1770032110666,0.620000,0.630000,0.625000,0.370000,0.380000,0.375000,589.3
2026-02-02T11:35:11.666709,1770032111666,0.620000,0.630000,0.625000,0.370000,0.380000,0.375000,588.3
2026-02-02T11:35:12.666991,1770032112666,0.620000,0.630000,0.625000,0.370000,0.380000,0.375000,587.3
2026-02-02T11:35:13.667299,1770032113667,0.620000,0.630000,0.625000,0.370000,0.380000,0.375000,586.3
2026-02-02T11:35:14.667629,1770032114667,0.620000,0.640000,0.630000,0.360000,0.370000,0.365000,585.3
2026-02-02T11:35:15.667955,1770032115667,0.630000,0.640000,0.635000,0.360000,0.370000,0.365000,584.3
2026-02-02T11:35:16.668248,1770032116668,0.630000,0.640000,0.635000,0.360000,0.370000,0.365000,583.3
2026-02-02T11:35:17.668505,1770032117668,0.640000,0.660000,0.650000,0.340000,0.350000,0.345000,582.3
2026-02-02T11:35:18.668758,1770032118668,0.650000,0.660000,0.655000,0.340000,0.350000,0.345000,581.3
2026-02-02T11:35:19.669015,1770032119669,0.630000,0.640000,0.635000,0.360000,0.370000,0.365000,580.3
2026-02-02T11:35:20.669279,1770032120669,0.630000,0.650000,0.640000,0.350000,0.360000,0.355000,579.3
2026-02-02T11:35:21.669547,1770032121669,0.630000,0.640000,0.635000,0.360000,0.370000,0.365000,578.3
2026-02-02T11:35:22.669835,1770032122669,0.630000,0.640000,0.635000,0.360000,0.370000,0.365000,577.3
2026-02-02T11:35:23.670127,1770032123670,0.630000,0.640000,0.635000,0.360000,0.370000,0.365000,576.3
2026-02-02T11:35:24.670412,1770032124670,0.640000,0.650000,0.645000,0.350000,0.360000,0.355000,575.3
2026-02-02T11:35:25.670698,1770032125670,0.650000,0.660000,0.655000,0.340000,0.350000,0.345000,574.3
2026-02-02T11:35:26.670950,1770032126670,0.650000,0.660000,0.655000,0.340000,0.350000,0.345000,573.3
2026-02-02T11:35:27.671281,1770032127671,0.650000,0.660000,0.655000,0.340000,0.350000,0.345000,572.3
2026-02-02T11:35:28.671575,1770032128671,0.650000,0.660000,0.655000,0.340000,0.350000,0.345000,571.3
2026-02-02T11:35:29.671839,1770032129671,0.650000,0.660000,0.655000,0.340000,0.350000,0.345000,570.3
2026-02-02T11:35:30.672140,1770032130672,0.650000,0.660000,0.655000,0.340000,0.350000,0.345000,569.3
2026-02-02T11:35:31.672471,1770032131672,0.650000,0.660000,0.655000,0.340000,0.350000,0.345000,568.3
2026-02-02T11:35:32.672762,1770032132672,0.650000,0.660000,0.655000,0.340000,0.350000,0.345000,567.3
2026-02-02T11:35:33.673031,1770032133673,0.650000,0.660000,0.655000,0.340000,0.350000,0.345000,566.3
2026-02-02T11:35:34.673283,1770032134673,0.660000,0.670000,0.665000,0.330000,0.340000,0.335000,565.3
2026-02-02T11:35:35.673534,1770032135673,0.660000,0.670000,0.665000,0.310000,0.320000,0.315000,564.3
2026-02-02T11:35:36.673788,1770032136673,0.680000,0.690000,0.685000,0.310000,0.320000,0.315000,563.3
2026-02-02T11:35:37.674039,1770032137674,0.680000,0.690000,0.685000,0.310000,0.320000,0.315000,562.3
2026-02-02T11:35:38.674276,1770032138674,0.690000,0.700000,0.695000,0.310000,0.310000,0.310000,561.3
2026-02-02T11:35:39.674565,1770032139674,0.690000,0.700000,0.695000,0.300000,0.310000,0.305000,560.3
2026-02-02T11:35:40.674828,1770032140674,0.690000,0.700000,0.695000,0.300000,0.310000,0.305000,559.3
2026-02-02T11:35:41.675132,1770032141675,0.690000,0.700000,0.695000,0.300000,0.310000,0.305000,558.3
2026-02-02T11:35:42.675492,1770032142675,0.680000,0.690000,0.685000,0.310000,0.320000,0.315000,557.3
2026-02-02T11:35:43.675814,1770032143675,0.680000,0.690000,0.685000,0.310000,0.310000,0.310000,556.3
2026-02-02T11:35:44.676083,1770032144676,0.690000,0.700000,0.695000,0.300000,0.310000,0.305000,555.3
2026-02-02T11:35:45.676345,1770032145676,0.690000,0.700000,0.695000,0.300000,0.310000,0.305000,554.3
2026-02-02T11:35:46.676671,1770032146676,0.690000,0.700000,0.695000,0.300000,0.310000,0.305000,553.3
2026-02-02T11:35:47.677009,1770032147677,0.690000,0.700000,0.695000,0.300000,0.310000,0.305000,552.3
2026-02-02T11:35:48.677281,1770032148677,0.680000,0.690000,0.685000,0.310000,0.320000,0.315000,551.3
2026-02-02T11:35:49.677542,1770032149677,0.680000,0.690000,0.685000,0.310000,0.320000,0.315000,550.3
2026-02-02T11:35:50.677863,1770032150677,0.680000,0.690000,0.685000,0.300000,0.300000,0.300000,549.3
2026-02-02T11:35:51.678167,1770032151678,0.700000,0.710000,0.705000,0.290000,0.300000,0.295000,548.3
2026-02-02T11:35:52.678508,1770032152678,0.700000,0.710000,0.705000,0.290000,0.300000,0.295000,547.3
2026-02-02T11:35:53.678833,1770032153678,0.700000,0.710000,0.705000,0.290000,0.300000,0.295000,546.3
2026-02-02T11:35:54.679096,1770032154679,0.680000,0.680000,0.680000,0.320000,0.330000,0.325000,545.3
2026-02-02T11:35:55.679417,1770032155679,0.670000,0.680000,0.675000,0.320000,0.330000,0.325000,544.3
2026-02-02T11:35:56.679745,1770032156679,0.670000,0.680000,0.675000,0.320000,0.330000,0.325000,543.3
2026-02-02T11:35:57.680035,1770032157680,0.740000,0.750000,0.745000,0.250000,0.260000,0.255000,542.3
2026-02-02T11:35:58.680407,1770032158680,0.730000,0.740000,0.735000,0.260000,0.270000,0.265000,541.3
2026-02-02T11:35:59.680669,1770032159680,0.730000,0.740000,0.735000,0.260000,0.270000,0.265000,540.3
2026-02-02T11:36:00.680926,1770032160680,0.730000,0.740000,0.735000,0.260000,0.270000,0.265000,539.3
2026-02-02T11:36:01.681202,1770032161681,0.730000,0.740000,0.735000,0.260000,0.270000,0.265000,538.3
2026-02-02T11:36:02.681525,1770032162681,0.740000,0.750000,0.745000,0.250000,0.260000,0.255000,537.3
2026-02-02T11:36:03.681818,1770032163681,0.740000,0.750000,0.745000,0.250000,0.260000,0.255000,536.3
2026-02-02T11:36:04.682154,1770032164682,0.740000,0.750000,0.745000,0.250000,0.260000,0.255000,535.3
2026-02-02T11:36:05.682424,1770032165682,0.740000,0.750000,0.745000,0.250000,0.260000,0.255000,534.3
2026-02-02T11:36:06.682684,1770032166682,0.740000,0.750000,0.745000,0.250000,0.260000,0.255000,533.3
2026-02-02T11:36:07.682939,1770032167682,0.740000,0.750000,0.745000,0.250000,0.260000,0.255000,532.3
2026-02-02T11:36:08.683195,1770032168683,0.740000,0.750000,0.745000,0.250000,0.260000,0.255000,531.3
2026-02-02T11:36:09.683467,1770032169683,0.740000,0.750000,0.745000,0.250000,0.260000,0.255000,530.3
2026-02-02T11:36:10.683738,1770032170683,0.720000,0.730000,0.725000,0.270000,0.280000,0.275000,529.3
2026-02-02T11:36:11.684045,1770032171684,0.720000,0.730000,0.725000,0.270000,0.280000,0.275000,528.3
2026-02-02T11:36:12.684363,1770032172684,0.720000,0.690000,0.705000,0.310000,0.320000,0.315000,527.3
2026-02-02T11:36:13.684621,1770032173684,0.680000,0.690000,0.685000,0.310000,0.320000,0.315000,526.3
2026-02-02T11:36:14.684872,1770032174684,0.680000,0.690000,0.685000,0.310000,0.320000,0.315000,525.3
2026-02-02T11:36:15.685186,1770032175685,0.680000,0.690000,0.685000,0.310000,0.320000,0.315000,524.3
2026-02-02T11:36:16.685452,1770032176685,0.680000,0.690000,0.685000,0.310000,0.320000,0.315000,523.3
2026-02-02T11:36:17.685751,1770032177685,0.650000,0.660000,0.655000,0.310000,0.350000,0.330000,522.3
2026-02-02T11:36:18.686004,1770032178686,0.640000,0.650000,0.645000,0.350000,0.360000,0.355000,521.3
2026-02-02T11:36:19.686266,1770032179686,0.640000,0.650000,0.645000,0.350000,0.360000,0.355000,520.3
2026-02-02T11:36:20.686586,1770032180686,0.650000,0.670000,0.660000,0.330000,0.340000,0.335000,519.3
2026-02-02T11:36:21.686884,1770032181686,0.690000,0.700000,0.695000,0.300000,0.310000,0.305000,518.3
2026-02-02T11:36:22.687152,1770032182687,0.710000,0.720000,0.715000,0.280000,0.290000,0.285000,517.3
2026-02-02T11:36:23.687415,1770032183687,0.720000,0.730000,0.725000,0.270000,0.280000,0.275000,516.3
2026-02-02T11:36:24.687680,1770032184687,0.720000,0.730000,0.725000,0.270000,0.280000,0.275000,515.3
2026-02-02T11:36:25.688053,1770032185688,0.720000,0.730000,0.725000,0.270000,0.280000,0.275000,514.3
2026-02-02T11:36:26.688355,1770032186688,0.690000,0.700000,0.695000,0.300000,0.310000,0.305000,513.3
2026-02-02T11:36:27.688636,1770032187688,0.690000,0.700000,0.695000,0.300000,0.310000,0.305000,512.3
2026-02-02T11:36:28.688904,1770032188688,0.690000,0.700000,0.695000,0.300000,0.310000,0.305000,511.3
2026-02-02T11:36:29.689176,1770032189689,0.680000,0.680000,0.680000,0.320000,0.340000,0.330000,510.3
2026-02-02T11:36:30.689513,1770032190689,0.640000,0.650000,0.645000,0.350000,0.360000,0.355000,509.3
2026-02-02T11:36:31.689817,1770032191689,0.640000,0.650000,0.645000,0.350000,0.360000,0.355000,508.3
2026-02-02T11:36:32.690085,1770032192690,0.640000,0.650000,0.645000,0.350000,0.360000,0.355000,507.3
2026-02-02T11:36:33.690401,1770032193690,0.640000,0.650000,0.645000,0.350000,0.360000,0.355000,506.3
2026-02-02T11:36:34.690681,1770032194690,0.640000,0.650000,0.645000,0.350000,0.360000,0.355000,505.3
2026-02-02T11:36:35.691026,1770032195691,0.640000,0.650000,0.645000,0.350000,0.360000,0.355000,504.3
2026-02-02T11:36:36.691330,1770032196691,0.640000,0.650000,0.645000,0.350000,0.360000,0.355000,503.3
2026-02-02T11:36:37.691603,1770032197691,0.640000,0.650000,0.645000,0.350000,0.360000,0.355000,502.3
2026-02-02T11:36:38.691854,1770032198691,0.640000,0.650000,0.645000,0.350000,0.360000,0.355000,501.3
2026-02-02T11:36:39.692115,1770032199692,0.640000,0.650000,0.645000,0.350000,0.370000,0.360000,500.3
2026-02-02T11:36:40.692393,1770032200692,0.580000,0.590000,0.585000,0.410000,0.420000,0.415000,499.3
2026-02-02T11:36:41.692652,1770032201692,0.600000,0.610000,0.605000,0.390000,0.400000,0.395000,498.3
2026-02-02T11:36:42.692905,1770032202692,0.600000,0.610000,0.605000,0.390000,0.400000,0.395000,497.3
2026-02-02T11:36:43.693167,1770032203693,0.600000,0.610000,0.605000,0.390000,0.400000,0.395000,496.3
2026-02-02T11:36:44.693469,1770032204693,0.620000,0.630000,0.625000,0.370000,0.380000,0.375000,495.3
2026-02-02T11:36:45.693750,1770032205693,0.600000,0.610000,0.605000,0.390000,0.400000,0.395000,494.3
2026-02-02T11:36:46.694083,1770032206694,0.600000,0.610000,0.605000,0.390000,0.400000,0.395000,493.3
2026-02-02T11:36:47.694341,1770032207694,0.610000,0.620000,0.615000,0.380000,0.390000,0.385000,492.3
2026-02-02T11:36:48.694615,1770032208694,0.610000,0.620000,0.615000,0.380000,0.390000,0.385000,491.3
2026-02-02T11:36:49.695133,1770032209695,0.600000,0.610000,0.605000,0.390000,0.400000,0.395000,490.3
2026-02-02T11:36:50.695506,1770032210695,0.600000,0.610000,0.605000,0.390000,0.400000,0.395000,489.3
2026-02-02T11:36:51.695816,1770032211695,0.600000,0.610000,0.605000,0.390000,0.400000,0.395000,488.3
2026-02-02T11:36:52.696108,1770032212696,0.600000,0.610000,0.605000,0.400000,0.410000,0.405000,487.3
2026-02-02T11:36:53.696361,1770032213696,0.590000,0.600000,0.595000,0.400000,0.410000,0.405000,486.3
2026-02-02T11:36:54.696629,1770032214696,0.590000,0.600000,0.595000,0.400000,0.410000,0.405000,485.3
2026-02-02T11:36:55.696903,1770032215696,0.590000,0.600000,0.595000,0.400000,0.410000,0.405000,484.3
2026-02-02T11:36:56.697246,1770032216697,0.590000,0.600000,0.595000,0.390000,0.400000,0.395000,483.3
2026-02-02T11:36:57.697552,1770032217697,0.600000,0.620000,0.610000,0.380000,0.390000,0.385000,482.3
2026-02-02T11:36:58.697828,1770032218697,0.610000,0.620000,0.615000,0.380000,0.390000,0.385000,481.3
2026-02-02T11:36:59.698095,1770032219698,0.610000,0.620000,0.615000,0.380000,0.390000,0.385000,480.3
2026-02-02T11:37:00.698359,1770032220698,0.610000,0.620000,0.615000,0.380000,0.390000,0.385000,479.3
2026-02-02T11:37:01.698677,1770032221698,0.600000,0.610000,0.605000,0.380000,0.390000,0.385000,478.3
2026-02-02T11:37:02.698951,1770032222698,0.600000,0.610000,0.605000,0.390000,0.400000,0.395000,477.3
2026-02-02T11:37:03.699268,1770032223699,0.600000,0.610000,0.605000,0.390000,0.400000,0.395000,476.3
2026-02-02T11:37:04.699570,1770032224699,0.600000,0.610000,0.605000,0.390000,0.400000,0.395000,475.3
2026-02-02T11:37:05.699872,1770032225699,0.600000,0.610000,0.605000,0.390000,0.400000,0.395000,474.3
2026-02-02T11:37:06.700097,1770032226700,0.600000,0.610000,0.605000,0.390000,0.400000,0.395000,473.3
2026-02-02T11:37:07.700403,1770032227700,0.620000,0.630000,0.625000,0.370000,0.380000,0.375000,472.3
2026-02-02T11:37:08.700661,1770032228700,0.620000,0.630000,0.625000,0.370000,0.380000,0.375000,471.3
2026-02-02T11:37:09.700906,1770032229700,0.620000,0.630000,0.625000,0.370000,0.380000,0.375000,470.3
2026-02-02T11:37:10.701281,1770032230701,0.620000,0.630000,0.625000,0.370000,0.380000,0.375000,469.3
2026-02-02T11:37:11.701562,1770032231701,0.620000,0.630000,0.625000,0.370000,0.380000,0.375000,468.3
2026-02-02T11:37:12.701825,1770032232701,0.620000,0.630000,0.625000,0.370000,0.380000,0.375000,467.3
2026-02-02T11:37:13.702093,1770032233702,0.620000,0.630000,0.625000,0.370000,0.380000,0.375000,466.3
2026-02-02T11:37:14.702387,1770032234702,0.620000,0.630000,0.625000,0.370000,0.380000,0.375000,465.3
2026-02-02T11:37:15.702708,1770032235702,0.620000,0.630000,0.625000,0.370000,0.380000,0.375000,464.3
2026-02-02T11:37:16.703000,1770032236703,0.620000,0.630000,0.625000,0.370000,0.380000,0.375000,463.3
2026-02-02T11:37:17.703268,1770032237703,0.620000,0.630000,0.625000,0.370000,0.380000,0.375000,462.3
2026-02-02T11:37:18.703524,1770032238703,0.620000,0.630000,0.625000,0.370000,0.390000,0.380000,461.3
2026-02-02T11:37:19.703800,1770032239703,0.610000,0.620000,0.615000,0.380000,0.390000,0.385000,460.3
2026-02-02T11:37:20.704110,1770032240704,0.620000,0.630000,0.625000,0.370000,0.380000,0.375000,459.3
2026-02-02T11:37:21.704364,1770032241704,0.620000,0.630000,0.625000,0.370000,0.380000,0.375000,458.3
2026-02-02T11:37:22.704646,1770032242704,0.620000,0.630000,0.625000,0.370000,0.380000,0.375000,457.3
2026-02-02T11:37:23.704926,1770032243704,0.620000,0.630000,0.625000,0.370000,0.380000,0.375000,456.3
2026-02-02T11:37:24.705549,1770032244705,0.620000,0.630000,0.625000,0.370000,0.380000,0.375000,455.3
2026-02-02T11:37:25.705860,1770032245705,0.640000,0.650000,0.645000,0.350000,0.360000,0.355000,454.3
2026-02-02T11:37:26.706145,1770032246706,0.650000,0.660000,0.655000,0.340000,0.350000,0.345000,453.3
2026-02-02T11:37:27.706416,1770032247706,0.660000,0.670000,0.665000,0.330000,0.340000,0.335000,452.3
2026-02-02T11:37:28.706671,1770032248706,0.660000,0.670000,0.665000,0.330000,0.340000,0.335000,451.3
2026-02-02T11:37:29.706976,1770032249706,0.660000,0.670000,0.665000,0.330000,0.340000,0.335000,450.3
2026-02-02T11:37:30.707303,1770032250707,0.660000,0.670000,0.665000,0.330000,0.340000,0.335000,449.3
2026-02-02T11:37:31.707609,1770032251707,0.660000,0.670000,0.665000,0.330000,0.340000,0.335000,448.3
2026-02-02T11:37:32.707883,1770032252707,0.660000,0.670000,0.665000,0.330000,0.340000,0.335000,447.3
2026-02-02T11:37:33.708121,1770032253708,0.670000,0.680000,0.675000,0.330000,0.330000,0.330000,446.3
2026-02-02T11:37:34.708428,1770032254708,0.680000,0.690000,0.685000,0.320000,0.320000,0.320000,445.3
2026-02-02T11:37:35.708737,1770032255708,0.680000,0.700000,0.690000,0.300000,0.320000,0.310000,444.3
2026-02-02T11:37:36.708988,1770032256708,0.680000,0.730000,0.705000,0.270000,0.280000,0.275000,443.3
2026-02-02T11:37:37.709239,1770032257709,0.720000,0.730000,0.725000,0.270000,0.280000,0.275000,442.3
2026-02-02T11:37:38.709493,1770032258709,0.720000,0.730000,0.725000,0.270000,0.280000,0.275000,441.3
2026-02-02T11:37:39.709769,1770032259709,0.720000,0.730000,0.725000,0.270000,0.280000,0.275000,440.3
2026-02-02T11:37:40.710087,1770032260710,0.720000,0.730000,0.725000,0.270000,0.280000,0.275000,439.3
2026-02-02T11:37:41.710349,1770032261710,0.720000,0.730000,0.725000,0.270000,0.280000,0.275000,438.3
2026-02-02T11:37:42.710688,1770032262710,0.720000,0.730000,0.725000,0.270000,0.280000,0.275000,437.3
2026-02-02T11:37:43.710996,1770032263710,0.720000,0.730000,0.725000,0.270000,0.280000,0.275000,436.3
2026-02-02T11:37:44.711258,1770032264711,0.720000,0.730000,0.725000,0.270000,0.280000,0.275000,435.3
2026-02-02T11:37:45.711518,1770032265711,0.720000,0.730000,0.725000,0.270000,0.280000,0.275000,434.3
2026-02-02T11:37:46.711873,1770032266711,0.720000,0.730000,0.725000,0.270000,0.280000,0.275000,433.3
2026-02-02T11:37:47.712131,1770032267712,0.720000,0.730000,0.725000,0.270000,0.280000,0.275000,432.3
2026-02-02T11:37:48.712434,1770032268712,0.680000,0.690000,0.685000,0.310000,0.320000,0.315000,431.3
2026-02-02T11:37:49.712718,1770032269712,0.680000,0.690000,0.685000,0.310000,0.320000,0.315000,430.3
2026-02-02T11:37:50.712972,1770032270712,0.700000,0.710000,0.705000,0.290000,0.300000,0.295000,429.3
2026-02-02T11:37:51.713266,1770032271713,0.700000,0.710000,0.705000,0.290000,0.300000,0.295000,428.3
2026-02-02T11:37:52.713531,1770032272713,0.700000,0.710000,0.705000,0.290000,0.300000,0.295000,427.3
2026-02-02T11:37:53.713791,1770032273713,0.700000,0.710000,0.705000,0.290000,0.300000,0.295000,426.3
2026-02-02T11:37:54.714042,1770032274714,0.700000,0.710000,0.705000,0.290000,0.300000,0.295000,425.3
2026-02-02T11:37:55.714285,1770032275714,0.700000,0.730000,0.715000,0.290000,0.300000,0.295000,424.3
2026-02-02T11:37:56.714575,1770032276714,0.720000,0.730000,0.725000,0.270000,0.280000,0.275000,423.3
2026-02-02T11:37:57.714840,1770032277714,0.740000,0.750000,0.745000,0.250000,0.260000,0.255000,422.3
2026-02-02T11:37:58.715095,1770032278715,0.740000,0.750000,0.745000,0.250000,0.260000,0.255000,421.3
2026-02-02T11:37:59.715363,1770032279715,0.750000,0.760000,0.755000,0.240000,0.240000,0.240000,420.3
2026-02-02T11:38:00.715664,1770032280715,0.770000,0.780000,0.775000,0.220000,0.230000,0.225000,419.3
2026-02-02T11:38:01.716115,1770032281716,0.770000,0.780000,0.775000,0.220000,0.230000,0.225000,418.3
2026-02-02T11:38:02.716551,1770032282716,0.770000,0.790000,0.780000,0.220000,0.230000,0.225000,417.3
2026-02-02T11:38:03.716860,1770032283716,0.760000,0.750000,0.755000,0.230000,0.240000,0.235000,416.3
2026-02-02T11:38:04.717225,1770032284717,0.740000,0.750000,0.745000,0.250000,0.270000,0.260000,415.3
2026-02-02T11:38:05.717570,1770032285717,0.670000,0.700000,0.685000,0.300000,0.310000,0.305000,414.3
2026-02-02T11:38:06.717874,1770032286717,0.690000,0.700000,0.695000,0.300000,0.300000,0.300000,413.3
2026-02-02T11:38:07.718162,1770032287718,0.700000,0.710000,0.705000,0.290000,0.300000,0.295000,412.3
2026-02-02T11:38:08.718469,1770032288718,0.710000,0.720000,0.715000,0.280000,0.290000,0.285000,411.3
2026-02-02T11:38:09.718969,1770032289718,0.710000,0.720000,0.715000,0.280000,0.290000,0.285000,410.3
2026-02-02T11:38:10.719256,1770032290719,0.710000,0.720000,0.715000,0.280000,0.290000,0.285000,409.3
2026-02-02T11:38:11.719563,1770032291719,0.720000,0.730000,0.725000,0.260000,0.270000,0.265000,408.3
2026-02-02T11:38:12.719876,1770032292719,0.730000,0.740000,0.735000,0.260000,0.270000,0.265000,407.3
2026-02-02T11:38:13.720174,1770032293720,0.750000,0.760000,0.755000,0.260000,0.260000,0.260000,406.3
2026-02-02T11:38:14.720419,1770032294720,0.750000,0.760000,0.755000,0.240000,0.250000,0.245000,405.3
2026-02-02T11:38:15.720708,1770032295720,0.750000,0.760000,0.755000,0.240000,0.250000,0.245000,404.3
2026-02-02T11:38:16.720997,1770032296720,0.760000,0.780000,0.770000,0.230000,0.240000,0.235000,403.3
2026-02-02T11:38:17.721311,1770032297721,0.780000,0.790000,0.785000,0.210000,0.220000,0.215000,402.3
2026-02-02T11:38:18.721570,1770032298721,0.780000,0.790000,0.785000,0.210000,0.220000,0.215000,401.3
2026-02-02T11:38:19.721865,1770032299721,0.780000,0.790000,0.785000,0.210000,0.220000,0.215000,400.3
2026-02-02T11:38:20.722187,1770032300722,0.750000,0.760000,0.755000,0.240000,0.250000,0.245000,399.3
2026-02-02T11:38:21.722492,1770032301722,0.750000,0.760000,0.755000,0.240000,0.250000,0.245000,398.3
2026-02-02T11:38:22.722785,1770032302722,0.730000,0.750000,0.740000,0.260000,0.270000,0.265000,397.3
2026-02-02T11:38:23.723034,1770032303723,0.730000,0.740000,0.735000,0.260000,0.270000,0.265000,396.3
2026-02-02T11:38:24.723277,1770032304723,0.730000,0.740000,0.735000,0.260000,0.270000,0.265000,395.3
2026-02-02T11:38:25.723537,1770032305723,0.730000,0.730000,0.730000,0.260000,0.270000,0.265000,394.3
2026-02-02T11:38:26.723793,1770032306723,0.720000,0.730000,0.725000,0.270000,0.280000,0.275000,393.3
2026-02-02T11:38:27.724143,1770032307724,0.750000,0.760000,0.755000,0.240000,0.250000,0.245000,392.3
2026-02-02T11:38:28.724410,1770032308724,0.760000,0.770000,0.765000,0.230000,0.240000,0.235000,391.3
2026-02-02T11:38:29.724657,1770032309724,0.780000,0.790000,0.785000,0.210000,0.220000,0.215000,390.3
2026-02-02T11:38:30.724922,1770032310724,0.780000,0.790000,0.785000,0.210000,0.220000,0.215000,389.3
2026-02-02T11:38:31.725194,1770032311725,0.780000,0.790000,0.785000,0.210000,0.220000,0.215000,388.3
2026-02-02T11:38:32.725486,1770032312725,0.780000,0.790000,0.785000,0.210000,0.220000,0.215000,387.3
2026-02-02T11:38:33.725797,1770032313725,0.780000,0.790000,0.785000,0.200000,0.210000,0.205000,386.3
2026-02-02T11:38:34.726078,1770032314726,0.790000,0.800000,0.795000,0.200000,0.210000,0.205000,385.3
2026-02-02T11:38:35.726398,1770032315726,0.790000,0.800000,0.795000,0.200000,0.210000,0.205000,384.3
2026-02-02T11:38:36.726709,1770032316726,0.790000,0.800000,0.795000,0.200000,0.210000,0.205000,383.3
2026-02-02T11:38:37.726976,1770032317726,0.790000,0.800000,0.795000,0.200000,0.210000,0.205000,382.3
2026-02-02T11:38:38.727315,1770032318727,0.790000,0.800000,0.795000,0.200000,0.210000,0.205000,381.3
2026-02-02T11:38:39.727612,1770032319727,0.790000,0.800000,0.795000,0.200000,0.210000,0.205000,380.3
2026-02-02T11:38:40.727894,1770032320727,0.790000,0.800000,0.795000,0.200000,0.210000,0.205000,379.3
2026-02-02T11:38:41.728153,1770032321728,0.790000,0.810000,0.800000,0.190000,0.200000,0.195000,378.3
2026-02-02T11:38:42.728445,1770032322728,0.810000,0.820000,0.815000,0.180000,0.190000,0.185000,377.3
2026-02-02T11:38:43.728751,1770032323728,0.810000,0.820000,0.815000,0.180000,0.190000,0.185000,376.3
2026-02-02T11:38:44.729064,1770032324729,0.810000,0.820000,0.815000,0.180000,0.190000,0.185000,375.3
2026-02-02T11:38:45.729428,1770032325729,0.810000,0.820000,0.815000,0.180000,0.190000,0.185000,374.3
2026-02-02T11:38:46.729729,1770032326729,0.810000,0.820000,0.815000,0.180000,0.190000,0.185000,373.3
2026-02-02T11:38:47.730029,1770032327730,0.810000,0.820000,0.815000,0.180000,0.190000,0.185000,372.3
2026-02-02T11:38:48.730289,1770032328730,0.810000,0.820000,0.815000,0.180000,0.210000,0.195000,371.3
2026-02-02T11:38:49.730564,1770032329730,0.790000,0.800000,0.795000,0.200000,0.210000,0.205000,370.3
2026-02-02T11:38:50.730859,1770032330730,0.790000,0.800000,0.795000,0.200000,0.210000,0.205000,369.3
2026-02-02T11:38:51.731116,1770032331731,0.790000,0.800000,0.795000,0.200000,0.210000,0.205000,368.3
2026-02-02T11:38:52.731406,1770032332731,0.780000,0.790000,0.785000,0.210000,0.220000,0.215000,367.3
2026-02-02T11:38:53.731664,1770032333731,0.780000,0.790000,0.785000,0.210000,0.220000,0.215000,366.3
2026-02-02T11:38:54.731924,1770032334731,0.780000,0.790000,0.785000,0.210000,0.220000,0.215000,365.3
2026-02-02T11:38:55.732216,1770032335732,0.780000,0.790000,0.785000,0.210000,0.220000,0.215000,364.3
2026-02-02T11:38:56.732483,1770032336732,0.780000,0.790000,0.785000,0.210000,0.220000,0.215000,363.3
2026-02-02T11:38:57.732840,1770032337732,0.790000,0.800000,0.795000,0.210000,0.220000,0.215000,362.3
2026-02-02T11:38:58.733096,1770032338733,0.790000,0.810000,0.800000,0.190000,0.200000,0.195000,361.3
2026-02-02T11:38:59.733355,1770032339733,0.800000,0.810000,0.805000,0.190000,0.200000,0.195000,360.3
2026-02-02T11:39:00.733676,1770032340733,0.800000,0.810000,0.805000,0.190000,0.200000,0.195000,359.3
2026-02-02T11:39:01.734004,1770032341734,0.800000,0.810000,0.805000,0.190000,0.200000,0.195000,358.3
2026-02-02T11:39:02.734278,1770032342734,0.810000,0.810000,0.810000,0.180000,0.190000,0.185000,357.3
2026-02-02T11:39:03.734619,1770032343734,0.800000,0.810000,0.805000,0.190000,0.200000,0.195000,356.3
2026-02-02T11:39:04.734956,1770032344734,0.800000,0.810000,0.805000,0.190000,0.200000,0.195000,355.3
2026-02-02T11:39:05.735208,1770032345735,0.780000,0.790000,0.785000,0.210000,0.220000,0.215000,354.3
2026-02-02T11:39:06.735527,1770032346735,0.780000,0.790000,0.785000,0.210000,0.220000,0.215000,353.3
2026-02-02T11:39:07.735795,1770032347735,0.790000,0.800000,0.795000,0.200000,0.210000,0.205000,352.3
2026-02-02T11:39:08.736063,1770032348736,0.790000,0.800000,0.795000,0.200000,0.210000,0.205000,351.3
2026-02-02T11:39:09.736300,1770032349736,0.810000,0.820000,0.815000,0.180000,0.190000,0.185000,350.3
2026-02-02T11:39:10.736566,1770032350736,0.780000,0.790000,0.785000,0.210000,0.220000,0.215000,349.3
2026-02-02T11:39:11.736880,1770032351736,0.780000,0.790000,0.785000,0.210000,0.220000,0.215000,348.3
2026-02-02T11:39:12.737199,1770032352737,0.780000,0.790000,0.785000,0.210000,0.220000,0.215000,347.3
2026-02-02T11:39:13.737492,1770032353737,0.780000,0.790000,0.785000,0.210000,0.220000,0.215000,346.3
2026-02-02T11:39:14.737758,1770032354737,0.780000,0.790000,0.785000,0.210000,0.220000,0.215000,345.3
2026-02-02T11:39:15.738024,1770032355738,0.800000,0.820000,0.810000,0.210000,0.200000,0.205000,344.3
2026-02-02T11:39:16.738414,1770032356738,0.810000,0.820000,0.815000,0.180000,0.190000,0.185000,343.3
2026-02-02T11:39:17.738734,1770032357738,0.810000,0.820000,0.815000,0.180000,0.190000,0.185000,342.3
2026-02-02T11:39:18.739031,1770032358739,0.810000,0.820000,0.815000,0.180000,0.190000,0.185000,341.3
2026-02-02T11:39:19.739321,1770032359739,0.810000,0.820000,0.815000,0.180000,0.190000,0.185000,340.3
2026-02-02T11:39:20.739619,1770032360739,0.810000,0.820000,0.815000,0.180000,0.190000,0.185000,339.3
2026-02-02T11:39:21.739915,1770032361739,0.810000,0.820000,0.815000,0.180000,0.190000,0.185000,338.3
2026-02-02T11:39:22.740254,1770032362740,0.810000,0.820000,0.815000,0.180000,0.190000,0.185000,337.3
2026-02-02T11:39:23.740507,1770032363740,0.810000,0.820000,0.815000,0.180000,0.190000,0.185000,336.3
2026-02-02T11:39:24.740762,1770032364740,0.810000,0.820000,0.815000,0.180000,0.190000,0.185000,335.3
2026-02-02T11:39:25.741070,1770032365741,0.810000,0.820000,0.815000,0.180000,0.190000,0.185000,334.3
2026-02-02T11:39:26.741378,1770032366741,0.810000,0.820000,0.815000,0.180000,0.190000,0.185000,333.3
2026-02-02T11:39:27.741654,1770032367741,0.810000,0.820000,0.815000,0.180000,0.190000,0.185000,332.3
2026-02-02T11:39:28.741905,1770032368741,0.810000,0.820000,0.815000,0.180000,0.190000,0.185000,331.3
2026-02-02T11:39:29.742163,1770032369742,0.800000,0.820000,0.810000,0.180000,0.190000,0.185000,330.3
2026-02-02T11:39:30.742443,1770032370742,0.810000,0.820000,0.815000,0.180000,0.190000,0.185000,329.3
2026-02-02T11:39:31.742768,1770032371742,0.810000,0.820000,0.815000,0.180000,0.190000,0.185000,328.3
2026-02-02T11:39:32.743031,1770032372743,0.820000,0.830000,0.825000,0.170000,0.180000,0.175000,327.3
2026-02-02T11:39:33.743290,1770032373743,0.820000,0.830000,0.825000,0.170000,0.180000,0.175000,326.3
2026-02-02T11:39:34.743554,1770032374743,0.800000,0.810000,0.805000,0.190000,0.200000,0.195000,325.3
2026-02-02T11:39:35.743853,1770032375743,0.770000,0.780000,0.775000,0.220000,0.230000,0.225000,324.3
2026-02-02T11:39:36.744117,1770032376744,0.770000,0.790000,0.780000,0.220000,0.230000,0.225000,323.3
2026-02-02T11:39:37.744369,1770032377744,0.810000,0.820000,0.815000,0.180000,0.190000,0.185000,322.3
2026-02-02T11:39:38.744651,1770032378744,0.820000,0.830000,0.825000,0.170000,0.180000,0.175000,321.3
2026-02-02T11:39:39.744897,1770032379744,0.820000,0.830000,0.825000,0.170000,0.180000,0.175000,320.3
2026-02-02T11:39:40.745200,1770032380745,0.820000,0.830000,0.825000,0.170000,0.180000,0.175000,319.3
2026-02-02T11:39:41.745488,1770032381745,0.820000,0.830000,0.825000,0.170000,0.180000,0.175000,318.3
2026-02-02T11:39:42.745738,1770032382745,0.820000,0.840000,0.830000,0.160000,0.170000,0.165000,317.3
2026-02-02T11:39:43.746047,1770032383746,0.840000,0.850000,0.845000,0.150000,0.160000,0.155000,316.3
2026-02-02T11:39:44.746363,1770032384746,0.850000,0.860000,0.855000,0.140000,0.150000,0.145000,315.3
2026-02-02T11:39:45.746630,1770032385746,0.850000,0.860000,0.855000,0.140000,0.150000,0.145000,314.3
2026-02-02T11:39:46.746908,1770032386746,0.850000,0.860000,0.855000,0.140000,0.150000,0.145000,313.3
2026-02-02T11:39:47.747266,1770032387747,0.850000,0.860000,0.855000,0.140000,0.150000,0.145000,312.3
2026-02-02T11:39:48.747584,1770032388747,0.840000,0.850000,0.845000,0.150000,0.160000,0.155000,311.3
2026-02-02T11:39:49.747842,1770032389747,0.850000,0.860000,0.855000,0.140000,0.150000,0.145000,310.3
2026-02-02T11:39:50.748125,1770032390748,0.850000,0.860000,0.855000,0.140000,0.150000,0.145000,309.3
2026-02-02T11:39:51.748371,1770032391748,0.870000,0.880000,0.875000,0.120000,0.130000,0.125000,308.3
2026-02-02T11:39:52.748749,1770032392748,0.880000,0.890000,0.885000,0.110000,0.120000,0.115000,307.3
2026-02-02T11:39:53.749005,1770032393749,0.890000,0.900000,0.895000,0.100000,0.110000,0.105000,306.3
2026-02-02T11:39:54.749256,1770032394749,0.870000,0.880000,0.875000,0.120000,0.130000,0.125000,305.3
2026-02-02T11:39:55.749526,1770032395749,0.890000,0.900000,0.895000,0.100000,0.110000,0.105000,304.3
2026-02-02T11:39:56.749791,1770032396749,0.880000,0.880000,0.880000,0.120000,0.130000,0.125000,303.3
2026-02-02T11:39:57.750128,1770032397750,0.880000,0.900000,0.890000,0.100000,0.110000,0.105000,302.2
2026-02-02T11:39:58.750414,1770032398750,0.890000,0.900000,0.895000,0.100000,0.110000,0.105000,301.2
2026-02-02T11:39:59.750677,1770032399750,0.890000,0.900000,0.895000,0.100000,0.110000,0.105000,300.2
2026-02-02T11:40:00.750988,1770032400750,0.890000,0.900000,0.895000,0.100000,0.110000,0.105000,299.2
2026-02-02T11:40:01.751327,1770032401751,0.850000,0.870000,0.860000,0.130000,0.160000,0.145000,298.2
2026-02-02T11:40:02.751682,1770032402751,0.840000,0.850000,0.845000,0.150000,0.160000,0.155000,297.2
2026-02-02T11:40:03.752066,1770032403752,0.820000,0.830000,0.825000,0.200000,0.210000,0.205000,296.2
2026-02-02T11:40:04.752469,1770032404752,0.800000,0.810000,0.805000,0.190000,0.200000,0.195000,295.2
2026-02-02T11:40:05.752763,1770032405752,0.820000,0.830000,0.825000,0.170000,0.190000,0.180000,294.2
2026-02-02T11:40:06.753024,1770032406753,0.790000,0.800000,0.795000,0.200000,0.210000,0.205000,293.2
2026-02-02T11:40:07.753289,1770032407753,0.790000,0.800000,0.795000,0.200000,0.210000,0.205000,292.2
2026-02-02T11:40:08.753569,1770032408753,0.770000,0.780000,0.775000,0.210000,0.220000,0.215000,291.2
2026-02-02T11:40:09.753826,1770032409753,0.770000,0.780000,0.775000,0.220000,0.230000,0.225000,290.2
2026-02-02T11:40:10.754087,1770032410754,0.740000,0.750000,0.745000,0.250000,0.260000,0.255000,289.2
2026-02-02T11:40:11.754403,1770032411754,0.730000,0.740000,0.735000,0.260000,0.270000,0.265000,288.2
2026-02-02T11:40:12.754705,1770032412754,0.740000,0.750000,0.745000,0.250000,0.260000,0.255000,287.2
2026-02-02T11:40:13.754948,1770032413754,0.730000,0.740000,0.735000,0.260000,0.270000,0.265000,286.2
2026-02-02T11:40:14.755208,1770032414755,0.720000,0.710000,0.715000,0.270000,0.290000,0.280000,285.2
2026-02-02T11:40:15.755481,1770032415755,0.700000,0.710000,0.705000,0.290000,0.300000,0.295000,284.2
2026-02-02T11:40:16.755734,1770032416755,0.720000,0.730000,0.725000,0.270000,0.280000,0.275000,283.2
2026-02-02T11:40:17.756072,1770032417756,0.720000,0.730000,0.725000,0.270000,0.280000,0.275000,282.2
2026-02-02T11:40:18.756374,1770032418756,0.730000,0.750000,0.740000,0.230000,0.250000,0.240000,281.2
2026-02-02T11:40:19.756627,1770032419756,0.750000,0.760000,0.755000,0.240000,0.250000,0.245000,280.2
2026-02-02T11:40:20.756920,1770032420756,0.750000,0.760000,0.755000,0.240000,0.250000,0.245000,279.2
2026-02-02T11:40:21.757203,1770032421757,0.750000,0.760000,0.755000,0.240000,0.250000,0.245000,278.2
2026-02-02T11:40:22.757470,1770032422757,0.750000,0.760000,0.755000,0.240000,0.250000,0.245000,277.2
2026-02-02T11:40:23.757721,1770032423757,0.750000,0.760000,0.755000,0.240000,0.250000,0.245000,276.2
2026-02-02T11:40:24.757967,1770032424757,0.750000,0.760000,0.755000,0.240000,0.250000,0.245000,275.2
2026-02-02T11:40:25.758272,1770032425758,0.750000,0.760000,0.755000,0.290000,0.300000,0.295000,274.2
2026-02-02T11:40:26.758549,1770032426758,0.720000,0.730000,0.725000,0.270000,0.280000,0.275000,273.2
2026-02-02T11:40:27.759540,1770032427759,0.740000,0.780000,0.760000,0.220000,0.220000,0.220000,272.2
2026-02-02T11:40:28.761507,1770032428761,0.780000,0.810000,0.795000,0.190000,0.190000,0.190000,271.2
2026-02-02T11:40:29.761750,1770032429761,0.820000,0.840000,0.830000,0.160000,0.170000,0.165000,270.2
2026-02-02T11:40:30.762042,1770032430762,0.830000,0.840000,0.835000,0.160000,0.160000,0.160000,269.2
2026-02-02T11:40:31.762312,1770032431762,0.830000,0.840000,0.835000,0.160000,0.170000,0.165000,268.2
2026-02-02T11:40:32.762587,1770032432762,0.840000,0.850000,0.845000,0.150000,0.160000,0.155000,267.2
2026-02-02T11:40:33.762872,1770032433762,0.840000,0.850000,0.845000,0.150000,0.160000,0.155000,266.2
2026-02-02T11:40:34.763227,1770032434763,0.850000,0.860000,0.855000,0.140000,0.150000,0.145000,265.2
2026-02-02T11:40:35.763555,1770032435763,0.850000,0.860000,0.855000,0.140000,0.150000,0.145000,264.2
2026-02-02T11:40:36.763810,1770032436763,0.850000,0.860000,0.855000,0.140000,0.150000,0.145000,263.2
2026-02-02T11:40:37.764070,1770032437764,0.850000,0.860000,0.855000,0.140000,0.150000,0.145000,262.2
2026-02-02T11:40:38.764316,1770032438764,0.850000,0.860000,0.855000,0.140000,0.150000,0.145000,261.2
2026-02-02T11:40:39.764559,1770032439764,0.850000,0.860000,0.855000,0.140000,0.150000,0.145000,260.2
2026-02-02T11:40:40.764848,1770032440764,0.850000,0.860000,0.855000,0.140000,0.150000,0.145000,259.2
2026-02-02T11:40:41.765143,1770032441765,0.850000,0.860000,0.855000,0.140000,0.150000,0.145000,258.2
2026-02-02T11:40:42.765404,1770032442765,0.870000,0.880000,0.875000,0.130000,0.140000,0.135000,257.2
2026-02-02T11:40:43.765645,1770032443765,0.870000,0.880000,0.875000,0.120000,0.130000,0.125000,256.2
2026-02-02T11:40:44.765904,1770032444765,0.870000,0.880000,0.875000,0.120000,0.130000,0.125000,255.2
2026-02-02T11:40:45.766194,1770032445766,0.890000,0.900000,0.895000,0.100000,0.110000,0.105000,254.2
2026-02-02T11:40:46.766497,1770032446766,0.890000,0.900000,0.895000,0.100000,0.110000,0.105000,253.2
2026-02-02T11:40:47.766806,1770032447766,0.890000,0.900000,0.895000,0.100000,0.110000,0.105000,252.2
2026-02-02T11:40:48.767058,1770032448767,0.890000,0.900000,0.895000,0.100000,0.110000,0.105000,251.2
2026-02-02T11:40:49.767329,1770032449767,0.900000,0.910000,0.905000,0.100000,0.100000,0.100000,250.2
2026-02-02T11:40:50.767619,1770032450767,0.900000,0.910000,0.905000,0.090000,0.100000,0.095000,249.2
2026-02-02T11:40:51.767920,1770032451767,0.900000,0.890000,0.895000,0.090000,0.100000,0.095000,248.2
2026-02-02T11:40:52.768252,1770032452768,0.880000,0.890000,0.885000,0.110000,0.120000,0.115000,247.2
2026-02-02T11:40:53.768512,1770032453768,0.880000,0.890000,0.885000,0.110000,0.120000,0.115000,246.2
2026-02-02T11:40:54.768775,1770032454768,0.880000,0.890000,0.885000,0.110000,0.120000,0.115000,245.2
2026-02-02T11:40:55.769094,1770032455769,0.880000,0.890000,0.885000,0.110000,0.120000,0.115000,244.2
2026-02-02T11:40:56.769384,1770032456769,0.880000,0.890000,0.885000,0.110000,0.120000,0.115000,243.2
2026-02-02T11:40:57.769768,1770032457769,0.880000,0.890000,0.885000,0.110000,0.120000,0.115000,242.2
2026-02-02T11:40:58.770025,1770032458770,0.880000,0.890000,0.885000,0.110000,0.120000,0.115000,241.2
2026-02-02T11:40:59.770345,1770032459770,0.880000,0.890000,0.885000,0.110000,0.120000,0.115000,240.2
2026-02-02T11:41:00.770591,1770032460770,0.880000,0.890000,0.885000,0.110000,0.120000,0.115000,239.2
2026-02-02T11:41:01.770913,1770032461770,0.880000,0.890000,0.885000,0.110000,0.120000,0.115000,238.2
2026-02-02T11:41:02.771243,1770032462771,0.860000,0.870000,0.865000,0.130000,0.140000,0.135000,237.2
2026-02-02T11:41:03.771529,1770032463771,0.840000,0.850000,0.845000,0.150000,0.160000,0.155000,236.2
2026-02-02T11:41:04.771816,1770032464771,0.830000,0.840000,0.835000,0.160000,0.170000,0.165000,235.2
2026-02-02T11:41:05.772107,1770032465772,0.830000,0.820000,0.825000,0.180000,0.190000,0.185000,234.2
2026-02-02T11:41:06.772357,1770032466772,0.810000,0.810000,0.810000,0.200000,0.210000,0.205000,233.2
2026-02-02T11:41:07.772599,1770032467772,0.780000,0.790000,0.785000,0.210000,0.280000,0.245000,232.2
2026-02-02T11:41:08.772851,1770032468772,0.720000,0.730000,0.725000,0.250000,0.280000,0.265000,231.2
2026-02-02T11:41:09.773128,1770032469773,0.720000,0.730000,0.725000,0.300000,0.310000,0.305000,230.2
2026-02-02T11:41:10.773435,1770032470773,0.690000,0.700000,0.695000,0.300000,0.310000,0.305000,229.2
2026-02-02T11:41:11.773726,1770032471773,0.680000,0.690000,0.685000,0.310000,0.320000,0.315000,228.2
2026-02-02T11:41:12.774082,1770032472774,0.650000,0.660000,0.655000,0.340000,0.350000,0.345000,227.2
2026-02-02T11:41:13.774380,1770032473774,0.650000,0.660000,0.655000,0.330000,0.340000,0.335000,226.2
2026-02-02T11:41:14.774643,1770032474774,0.670000,0.680000,0.675000,0.320000,0.330000,0.325000,225.2
2026-02-02T11:41:15.774986,1770032475774,0.660000,0.670000,0.665000,0.330000,0.330000,0.330000,224.2
2026-02-02T11:41:16.775257,1770032476775,0.670000,0.680000,0.675000,0.320000,0.330000,0.325000,223.2
2026-02-02T11:41:17.775650,1770032477775,0.710000,0.720000,0.715000,0.280000,0.290000,0.285000,222.2
2026-02-02T11:41:18.775972,1770032478775,0.710000,0.720000,0.715000,0.280000,0.290000,0.285000,221.2
2026-02-02T11:41:19.776235,1770032479776,0.780000,0.790000,0.785000,0.210000,0.230000,0.220000,220.2
2026-02-02T11:41:20.776521,1770032480776,0.780000,0.790000,0.785000,0.200000,0.210000,0.205000,219.2
2026-02-02T11:41:21.776785,1770032481776,0.790000,0.800000,0.795000,0.200000,0.210000,0.205000,218.2
2026-02-02T11:41:22.777124,1770032482777,0.760000,0.770000,0.765000,0.230000,0.240000,0.235000,217.2
2026-02-02T11:41:23.777374,1770032483777,0.780000,0.790000,0.785000,0.210000,0.210000,0.210000,216.2
2026-02-02T11:41:24.777625,1770032484777,0.790000,0.800000,0.795000,0.200000,0.210000,0.205000,215.2
2026-02-02T11:41:25.777925,1770032485777,0.790000,0.810000,0.800000,0.190000,0.200000,0.195000,214.2
2026-02-02T11:41:26.778202,1770032486778,0.800000,0.810000,0.805000,0.190000,0.200000,0.195000,213.2
2026-02-02T11:41:27.778532,1770032487778,0.780000,0.790000,0.785000,0.210000,0.220000,0.215000,212.2
2026-02-02T11:41:28.778804,1770032488778,0.770000,0.790000,0.780000,0.220000,0.230000,0.225000,211.2
2026-02-02T11:41:29.779108,1770032489779,0.780000,0.790000,0.785000,0.210000,0.220000,0.215000,210.2
2026-02-02T11:41:30.779392,1770032490779,0.790000,0.800000,0.795000,0.200000,0.210000,0.205000,209.2
2026-02-02T11:41:31.779643,1770032491779,0.790000,0.800000,0.795000,0.200000,0.210000,0.205000,208.2
2026-02-02T11:41:32.780012,1770032492780,0.790000,0.800000,0.795000,0.200000,0.210000,0.205000,207.2
2026-02-02T11:41:33.780270,1770032493780,0.790000,0.800000,0.795000,0.200000,0.210000,0.205000,206.2
2026-02-02T11:41:34.780578,1770032494780,0.790000,0.800000,0.795000,0.200000,0.210000,0.205000,205.2
2026-02-02T11:41:35.780988,1770032495780,0.800000,0.810000,0.805000,0.190000,0.200000,0.195000,204.2
2026-02-02T11:41:36.781253,1770032496781,0.800000,0.810000,0.805000,0.190000,0.200000,0.195000,203.2
2026-02-02T11:41:37.781519,1770032497781,0.790000,0.800000,0.795000,0.200000,0.210000,0.205000,202.2
2026-02-02T11:41:38.781824,1770032498781,0.790000,0.800000,0.795000,0.200000,0.210000,0.205000,201.2
2026-02-02T11:41:39.782107,1770032499782,0.790000,0.800000,0.795000,0.200000,0.210000,0.205000,200.2
2026-02-02T11:41:40.782427,1770032500782,0.790000,0.800000,0.795000,0.190000,0.200000,0.195000,199.2
2026-02-02T11:41:41.782824,1770032501782,0.800000,0.810000,0.805000,0.190000,0.200000,0.195000,198.2
2026-02-02T11:41:42.783084,1770032502783,0.800000,0.810000,0.805000,0.190000,0.200000,0.195000,197.2
2026-02-02T11:41:43.783344,1770032503783,0.800000,0.810000,0.805000,0.190000,0.200000,0.195000,196.2
2026-02-02T11:41:44.783612,1770032504783,0.800000,0.810000,0.805000,0.190000,0.200000,0.195000,195.2
2026-02-02T11:41:45.783870,1770032505783,0.800000,0.810000,0.805000,0.190000,0.200000,0.195000,194.2
2026-02-02T11:41:46.784155,1770032506784,0.820000,0.830000,0.825000,0.180000,0.190000,0.185000,193.2
2026-02-02T11:41:47.784419,1770032507784,0.820000,0.830000,0.825000,0.170000,0.180000,0.175000,192.2
2026-02-02T11:41:48.784674,1770032508784,0.820000,0.830000,0.825000,0.170000,0.180000,0.175000,191.2
2026-02-02T11:41:49.785055,1770032509785,0.810000,0.820000,0.815000,0.170000,0.180000,0.175000,190.2
2026-02-02T11:41:50.785321,1770032510785,0.810000,0.820000,0.815000,0.180000,0.190000,0.185000,189.2
2026-02-02T11:41:51.785685,1770032511785,0.810000,0.820000,0.815000,0.180000,0.190000,0.185000,188.2
2026-02-02T11:41:52.785939,1770032512785,0.810000,0.820000,0.815000,0.180000,0.190000,0.185000,187.2
2026-02-02T11:41:53.786261,1770032513786,0.810000,0.820000,0.815000,0.180000,0.190000,0.185000,186.2
2026-02-02T11:41:54.786575,1770032514786,0.810000,0.820000,0.815000,0.180000,0.190000,0.185000,185.2
2026-02-02T11:41:55.786848,1770032515786,0.810000,0.820000,0.815000,0.180000,0.190000,0.185000,184.2
2026-02-02T11:41:56.787125,1770032516787,0.830000,0.840000,0.835000,0.160000,0.170000,0.165000,183.2
2026-02-02T11:41:57.787412,1770032517787,0.830000,0.840000,0.835000,0.160000,0.170000,0.165000,182.2
2026-02-02T11:41:58.787694,1770032518787,0.830000,0.840000,0.835000,0.160000,0.170000,0.165000,181.2
2026-02-02T11:41:59.788012,1770032519788,0.820000,0.830000,0.825000,0.170000,0.180000,0.175000,180.2
2026-02-02T11:42:00.788268,1770032520788,0.830000,0.840000,0.835000,0.160000,0.170000,0.165000,179.2
2026-02-02T11:42:01.788524,1770032521788,0.830000,0.840000,0.835000,0.160000,0.170000,0.165000,178.2
2026-02-02T11:42:02.788795,1770032522788,0.820000,0.840000,0.830000,0.170000,0.180000,0.175000,177.2
2026-02-02T11:42:03.789074,1770032523789,0.820000,0.830000,0.825000,0.170000,0.180000,0.175000,176.2
2026-02-02T11:42:04.789336,1770032524789,0.820000,0.830000,0.825000,0.170000,0.180000,0.175000,175.2
2026-02-02T11:42:05.789659,1770032525789,0.830000,0.840000,0.835000,0.170000,0.170000,0.170000,174.2
2026-02-02T11:42:06.789972,1770032526789,0.830000,0.840000,0.835000,0.160000,0.170000,0.165000,173.2
2026-02-02T11:42:07.790242,1770032527790,0.830000,0.840000,0.835000,0.160000,0.170000,0.165000,172.2
2026-02-02T11:42:08.790497,1770032528790,0.830000,0.840000,0.835000,0.160000,0.170000,0.165000,171.2
2026-02-02T11:42:09.790823,1770032529790,0.830000,0.840000,0.835000,0.160000,0.170000,0.165000,170.2
2026-02-02T11:42:10.791100,1770032530791,0.830000,0.840000,0.835000,0.160000,0.170000,0.165000,169.2
2026-02-02T11:42:11.791355,1770032531791,0.830000,0.840000,0.835000,0.160000,0.170000,0.165000,168.2
2026-02-02T11:42:12.791627,1770032532791,0.830000,0.840000,0.835000,0.160000,0.170000,0.165000,167.2
2026-02-02T11:42:13.791881,1770032533791,0.830000,0.840000,0.835000,0.160000,0.170000,0.165000,166.2
2026-02-02T11:42:14.792136,1770032534792,0.830000,0.840000,0.835000,0.160000,0.170000,0.165000,165.2
2026-02-02T11:42:15.792391,1770032535792,0.840000,0.850000,0.845000,0.150000,0.160000,0.155000,164.2
2026-02-02T11:42:16.792639,1770032536792,0.840000,0.850000,0.845000,0.150000,0.160000,0.155000,163.2
2026-02-02T11:42:17.792967,1770032537792,0.840000,0.850000,0.845000,0.150000,0.160000,0.155000,162.2
2026-02-02T11:42:18.793208,1770032538793,0.840000,0.850000,0.845000,0.170000,0.190000,0.180000,161.2
2026-02-02T11:42:19.793851,1770032539793,0.770000,0.780000,0.775000,0.210000,0.230000,0.220000,160.2
2026-02-02T11:42:20.794191,1770032540794,0.750000,0.770000,0.760000,0.240000,0.250000,0.245000,159.2
2026-02-02T11:42:21.794940,1770032541794,0.750000,0.760000,0.755000,0.260000,0.290000,0.275000,158.2
2026-02-02T11:42:22.795192,1770032542795,0.690000,0.710000,0.700000,0.350000,0.350000,0.350000,157.2
2026-02-02T11:42:23.795463,1770032543795,0.620000,0.600000,0.610000,0.430000,0.440000,0.435000,156.2
2026-02-02T11:42:24.795733,1770032544795,0.530000,0.570000,0.550000,0.430000,0.470000,0.450000,155.2
2026-02-02T11:42:25.796041,1770032545796,0.470000,0.480000,0.475000,0.520000,0.530000,0.525000,154.2
2026-02-02T11:42:26.796301,1770032546796,0.460000,0.480000,0.470000,0.520000,0.530000,0.525000,153.2
2026-02-02T11:42:27.796606,1770032547796,0.450000,0.460000,0.455000,0.540000,0.560000,0.550000,152.2
2026-02-02T11:42:28.796885,1770032548796,0.410000,0.420000,0.415000,0.550000,0.560000,0.555000,151.2
2026-02-02T11:42:29.797130,1770032549797,0.400000,0.410000,0.405000,0.590000,0.600000,0.595000,150.2
2026-02-02T11:42:30.797405,1770032550797,0.360000,0.370000,0.365000,0.620000,0.640000,0.630000,149.2
2026-02-02T11:42:31.797672,1770032551797,0.350000,0.360000,0.355000,0.640000,0.650000,0.645000,148.2
2026-02-02T11:42:32.797978,1770032552797,0.350000,0.360000,0.355000,0.640000,0.650000,0.645000,147.2
2026-02-02T11:42:33.798294,1770032553798,0.330000,0.340000,0.335000,0.660000,0.670000,0.665000,146.2
2026-02-02T11:42:34.798588,1770032554798,0.330000,0.340000,0.335000,0.660000,0.670000,0.665000,145.2
2026-02-02T11:42:35.798848,1770032555798,0.330000,0.340000,0.335000,0.660000,0.680000,0.670000,144.2
2026-02-02T11:42:36.799124,1770032556799,0.320000,0.330000,0.325000,0.670000,0.680000,0.675000,143.2
2026-02-02T11:42:37.799401,1770032557799,0.310000,0.320000,0.315000,0.680000,0.690000,0.685000,142.2
2026-02-02T11:42:38.799681,1770032558799,0.340000,0.350000,0.345000,0.610000,0.620000,0.615000,141.2
2026-02-02T11:42:39.799999,1770032559799,0.380000,0.390000,0.385000,0.610000,0.620000,0.615000,140.2
2026-02-02T11:42:40.800251,1770032560800,0.430000,0.440000,0.435000,0.560000,0.570000,0.565000,139.2
2026-02-02T11:42:41.800545,1770032561800,0.430000,0.450000,0.440000,0.550000,0.560000,0.555000,138.2
2026-02-02T11:42:42.800839,1770032562800,0.440000,0.450000,0.445000,0.550000,0.560000,0.555000,137.2
2026-02-02T11:42:43.801117,1770032563801,0.440000,0.450000,0.445000,0.550000,0.560000,0.555000,136.2
2026-02-02T11:42:44.801449,1770032564801,0.390000,0.420000,0.405000,0.550000,0.590000,0.570000,135.2
2026-02-02T11:42:45.801697,1770032565801,0.390000,0.400000,0.395000,0.600000,0.610000,0.605000,134.2
2026-02-02T11:42:46.802004,1770032566802,0.390000,0.400000,0.395000,0.600000,0.610000,0.605000,133.2
2026-02-02T11:42:47.802294,1770032567802,0.390000,0.400000,0.395000,0.600000,0.610000,0.605000,132.2
2026-02-02T11:42:48.802565,1770032568802,0.410000,0.420000,0.415000,0.600000,0.610000,0.605000,131.2
2026-02-02T11:42:49.802811,1770032569802,0.420000,0.430000,0.425000,0.570000,0.580000,0.575000,130.2
2026-02-02T11:42:50.803165,1770032570803,0.430000,0.440000,0.435000,0.560000,0.570000,0.565000,129.2
2026-02-02T11:42:51.803465,1770032571803,0.430000,0.480000,0.455000,0.560000,0.570000,0.565000,128.2
2026-02-02T11:42:52.803773,1770032572803,0.500000,0.510000,0.505000,0.490000,0.500000,0.495000,127.2
2026-02-02T11:42:53.804060,1770032573804,0.580000,0.590000,0.585000,0.390000,0.400000,0.395000,126.2
2026-02-02T11:42:54.804359,1770032574804,0.610000,0.620000,0.615000,0.380000,0.380000,0.380000,125.2
2026-02-02T11:42:55.804698,1770032575804,0.650000,0.660000,0.655000,0.340000,0.340000,0.340000,124.2
2026-02-02T11:42:56.804960,1770032576804,0.660000,0.670000,0.665000,0.330000,0.340000,0.335000,123.2
2026-02-02T11:42:57.805238,1770032577805,0.660000,0.670000,0.665000,0.330000,0.340000,0.335000,122.2
2026-02-02T11:42:58.805514,1770032578805,0.620000,0.630000,0.625000,0.350000,0.360000,0.355000,121.2
2026-02-02T11:42:59.805832,1770032579805,0.620000,0.630000,0.625000,0.370000,0.380000,0.375000,120.2
2026-02-02T11:43:00.806179,1770032580806,0.620000,0.630000,0.625000,0.370000,0.380000,0.375000,119.2
2026-02-02T11:43:01.806481,1770032581806,0.630000,0.640000,0.635000,0.370000,0.370000,0.370000,118.2
2026-02-02T11:43:02.806734,1770032582806,0.560000,0.540000,0.550000,0.430000,0.440000,0.435000,117.2
2026-02-02T11:43:03.807039,1770032583807,0.540000,0.550000,0.545000,0.460000,0.470000,0.465000,116.2
2026-02-02T11:43:04.807308,1770032584807,0.700000,0.710000,0.705000,0.320000,0.310000,0.315000,115.2
2026-02-02T11:43:05.807615,1770032585807,0.680000,0.690000,0.685000,0.300000,0.310000,0.305000,114.2
2026-02-02T11:43:06.807953,1770032586807,0.620000,0.610000,0.615000,0.310000,0.320000,0.315000,113.2
2026-02-02T11:43:07.808257,1770032587808,0.580000,0.590000,0.585000,0.410000,0.420000,0.415000,112.2
2026-02-02T11:43:08.808568,1770032588808,0.550000,0.560000,0.555000,0.440000,0.450000,0.445000,111.2
2026-02-02T11:43:09.808970,1770032589808,0.550000,0.560000,0.555000,0.440000,0.450000,0.445000,110.2
2026-02-02T11:43:10.809244,1770032590809,0.550000,0.560000,0.555000,0.430000,0.450000,0.440000,109.2
2026-02-02T11:43:11.809510,1770032591809,0.560000,0.570000,0.565000,0.430000,0.440000,0.435000,108.2
2026-02-02T11:43:12.809799,1770032592809,0.560000,0.570000,0.565000,0.430000,0.440000,0.435000,107.2
2026-02-02T11:43:13.810070,1770032593810,0.560000,0.570000,0.565000,0.430000,0.430000,0.430000,106.2
2026-02-02T11:43:14.810353,1770032594810,0.570000,0.580000,0.575000,0.420000,0.430000,0.425000,105.2
2026-02-02T11:43:15.810617,1770032595810,0.570000,0.580000,0.575000,0.420000,0.430000,0.425000,104.2
2026-02-02T11:43:16.810935,1770032596810,0.570000,0.580000,0.575000,0.420000,0.430000,0.425000,103.2
2026-02-02T11:43:17.811280,1770032597811,0.500000,0.510000,0.505000,0.490000,0.500000,0.495000,102.2
2026-02-02T11:43:18.811602,1770032598811,0.510000,0.520000,0.515000,0.480000,0.480000,0.480000,101.2
2026-02-02T11:43:19.811910,1770032599811,0.520000,0.530000,0.525000,0.470000,0.480000,0.475000,100.2
2026-02-02T11:43:20.812216,1770032600812,0.530000,0.550000,0.540000,0.460000,0.470000,0.465000,99.2
2026-02-02T11:43:21.812517,1770032601812,0.560000,0.610000,0.585000,0.390000,0.380000,0.385000,98.2
2026-02-02T11:43:22.812761,1770032602812,0.620000,0.630000,0.625000,0.370000,0.380000,0.375000,97.2
2026-02-02T11:43:23.813068,1770032603813,0.630000,0.640000,0.635000,0.360000,0.370000,0.365000,96.2
2026-02-02T11:43:24.813400,1770032604813,0.630000,0.640000,0.635000,0.360000,0.370000,0.365000,95.2
2026-02-02T11:43:25.813745,1770032605813,0.620000,0.630000,0.625000,0.370000,0.380000,0.375000,94.2
2026-02-02T11:43:26.814098,1770032606814,0.620000,0.630000,0.625000,0.370000,0.380000,0.375000,93.2
2026-02-02T11:43:27.814383,1770032607814,0.620000,0.630000,0.625000,0.370000,0.380000,0.375000,92.2
2026-02-02T11:43:28.814649,1770032608814,0.620000,0.630000,0.625000,0.360000,0.370000,0.365000,91.2
2026-02-02T11:43:29.814925,1770032609814,0.630000,0.640000,0.635000,0.360000,0.370000,0.365000,90.2
2026-02-02T11:43:30.815196,1770032610815,0.630000,0.640000,0.635000,0.360000,0.370000,0.365000,89.2
2026-02-02T11:43:31.815466,1770032611815,0.690000,0.700000,0.695000,0.300000,0.310000,0.305000,88.2
2026-02-02T11:43:32.815783,1770032612815,0.680000,0.690000,0.685000,0.310000,0.320000,0.315000,87.2
2026-02-02T11:43:33.816123,1770032613816,0.670000,0.680000,0.675000,0.310000,0.320000,0.315000,86.2
2026-02-02T11:43:34.816439,1770032614816,0.670000,0.680000,0.675000,0.320000,0.330000,0.325000,85.2
2026-02-02T11:43:35.816775,1770032615816,0.650000,0.660000,0.655000,0.340000,0.350000,0.345000,84.2
2026-02-02T11:43:36.817051,1770032616817,0.650000,0.660000,0.655000,0.340000,0.350000,0.345000,83.2
2026-02-02T11:43:37.817347,1770032617817,0.650000,0.660000,0.655000,0.340000,0.350000,0.345000,82.2
2026-02-02T11:43:38.817623,1770032618817,0.640000,0.650000,0.645000,0.350000,0.360000,0.355000,81.2
2026-02-02T11:43:39.817886,1770032619817,0.600000,0.600000,0.600000,0.350000,0.360000,0.355000,80.2
2026-02-02T11:43:40.818172,1770032620818,0.560000,0.570000,0.565000,0.430000,0.440000,0.435000,79.2
2026-02-02T11:43:41.818735,1770032621818,0.590000,0.610000,0.600000,0.400000,0.410000,0.405000,78.2
2026-02-02T11:43:42.819011,1770032622819,0.610000,0.620000,0.615000,0.380000,0.390000,0.385000,77.2
2026-02-02T11:43:43.819277,1770032623819,0.630000,0.640000,0.635000,0.370000,0.370000,0.370000,76.2
2026-02-02T11:43:44.819587,1770032624819,0.630000,0.640000,0.635000,0.360000,0.370000,0.365000,75.2
2026-02-02T11:43:45.819849,1770032625819,0.620000,0.630000,0.625000,0.360000,0.380000,0.370000,74.2
2026-02-02T11:43:46.820115,1770032626820,0.610000,0.620000,0.615000,0.370000,0.380000,0.375000,73.2
2026-02-02T11:43:47.820416,1770032627820,0.620000,0.630000,0.625000,0.380000,0.390000,0.385000,72.2
2026-02-02T11:43:48.820666,1770032628820,0.620000,0.630000,0.625000,0.370000,0.380000,0.375000,71.2
2026-02-02T11:43:49.820974,1770032629820,0.620000,0.630000,0.625000,0.370000,0.380000,0.375000,70.2
2026-02-02T11:43:50.821260,1770032630821,0.550000,0.560000,0.555000,0.380000,0.440000,0.410000,69.2
2026-02-02T11:43:51.821614,1770032631821,0.570000,0.580000,0.575000,0.440000,0.450000,0.445000,68.2
2026-02-02T11:43:52.821903,1770032632821,0.570000,0.580000,0.575000,0.420000,0.430000,0.425000,67.2
2026-02-02T11:43:53.822236,1770032633822,0.570000,0.580000,0.575000,0.420000,0.430000,0.425000,66.2
2026-02-02T11:43:54.822513,1770032634822,0.600000,0.610000,0.605000,0.390000,0.400000,0.395000,65.2
2026-02-02T11:43:55.822765,1770032635822,0.600000,0.610000,0.605000,0.390000,0.410000,0.400000,64.2
2026-02-02T11:43:56.823026,1770032636823,0.590000,0.600000,0.595000,0.400000,0.410000,0.405000,63.2
2026-02-02T11:43:57.823326,1770032637823,0.600000,0.610000,0.605000,0.390000,0.400000,0.395000,62.2
2026-02-02T11:43:58.823578,1770032638823,0.590000,0.600000,0.595000,0.400000,0.430000,0.415000,61.2
2026-02-02T11:43:59.823855,1770032639823,0.570000,0.580000,0.575000,0.420000,0.410000,0.415000,60.2
2026-02-02T11:44:00.824168,1770032640824,0.600000,0.620000,0.610000,0.380000,0.390000,0.385000,59.2
2026-02-02T11:44:01.824560,1770032641824,0.640000,0.650000,0.645000,0.340000,0.350000,0.345000,58.2
2026-02-02T11:44:02.824874,1770032642824,0.640000,0.660000,0.650000,0.340000,0.350000,0.345000,57.2
2026-02-02T11:44:03.825212,1770032643825,0.680000,0.690000,0.685000,0.330000,0.320000,0.325000,56.2
2026-02-02T11:44:04.825546,1770032644825,0.690000,0.700000,0.695000,0.300000,0.310000,0.305000,55.2
2026-02-02T11:44:05.825846,1770032645825,0.680000,0.690000,0.685000,0.300000,0.310000,0.305000,54.2
2026-02-02T11:44:06.826154,1770032646826,0.680000,0.690000,0.685000,0.310000,0.320000,0.315000,53.2
2026-02-02T11:44:07.826429,1770032647826,0.690000,0.700000,0.695000,0.300000,0.310000,0.305000,52.2
2026-02-02T11:44:08.826741,1770032648826,0.700000,0.710000,0.705000,0.300000,0.310000,0.305000,51.2
2026-02-02T11:44:09.827119,1770032649827,0.700000,0.710000,0.705000,0.290000,0.300000,0.295000,50.2
2026-02-02T11:44:10.827388,1770032650827,0.770000,0.780000,0.775000,0.220000,0.230000,0.225000,49.2
2026-02-02T11:44:11.827667,1770032651827,0.780000,0.790000,0.785000,0.210000,0.200000,0.205000,48.2
2026-02-02T11:44:12.828011,1770032652828,0.870000,0.880000,0.875000,0.140000,0.150000,0.145000,47.2
2026-02-02T11:44:13.828317,1770032653828,0.860000,0.880000,0.870000,0.130000,0.140000,0.135000,46.2
2026-02-02T11:44:14.828593,1770032654828,0.870000,0.880000,0.875000,0.120000,0.130000,0.125000,45.2
2026-02-02T11:44:15.828870,1770032655828,0.890000,0.900000,0.895000,0.110000,0.120000,0.115000,44.2
2026-02-02T11:44:16.829218,1770032656829,0.930000,0.940000,0.935000,0.060000,0.070000,0.065000,43.2
2026-02-02T11:44:17.829537,1770032657829,0.930000,0.940000,0.935000,0.060000,0.070000,0.065000,42.2
2026-02-02T11:44:18.829798,1770032658829,0.930000,0.940000,0.935000,0.060000,0.070000,0.065000,41.2
2026-02-02T11:44:19.830089,1770032659830,0.930000,0.940000,0.935000,0.060000,0.070000,0.065000,40.2
2026-02-02T11:44:20.830380,1770032660830,0.950000,0.960000,0.955000,0.050000,0.060000,0.055000,39.2
2026-02-02T11:44:21.830733,1770032661830,0.940000,0.960000,0.950000,0.050000,0.060000,0.055000,38.2
2026-02-02T11:44:22.830997,1770032662830,0.950000,0.960000,0.955000,0.040000,0.050000,0.045000,37.2
2026-02-02T11:44:23.831357,1770032663831,0.940000,0.960000,0.950000,0.040000,0.060000,0.050000,36.2
2026-02-02T11:44:24.831654,1770032664831,0.960000,0.970000,0.965000,0.030000,0.040000,0.035000,35.2
2026-02-02T11:44:25.831981,1770032665831,0.960000,0.970000,0.965000,0.030000,0.040000,0.035000,34.2
2026-02-02T11:44:26.832260,1770032666832,0.960000,0.970000,0.965000,0.030000,0.040000,0.035000,33.2
2026-02-02T11:44:27.832554,1770032667832,0.960000,0.970000,0.965000,0.020000,0.040000,0.030000,32.2
2026-02-02T11:44:28.832816,1770032668832,0.970000,0.980000,0.975000,0.020000,0.030000,0.025000,31.2
2026-02-02T11:44:29.833067,1770032669833,0.970000,0.980000,0.975000,0.020000,0.030000,0.025000,30.2
2026-02-02T11:44:30.833321,1770032670833,0.960000,0.970000,0.965000,0.030000,0.040000,0.035000,29.2
2026-02-02T11:44:31.833580,1770032671833,0.950000,0.960000,0.955000,0.040000,0.050000,0.045000,28.2
2026-02-02T11:44:32.833829,1770032672833,0.960000,0.970000,0.965000,0.020000,0.040000,0.030000,27.2
2026-02-02T11:44:33.834154,1770032673834,0.970000,0.980000,0.975000,0.020000,0.030000,0.025000,26.2
2026-02-02T11:44:34.834444,1770032674834,0.970000,0.980000,0.975000,0.020000,0.030000,0.025000,25.2
2026-02-02T11:44:35.834688,1770032675834,0.970000,0.980000,0.975000,0.020000,0.030000,0.025000,24.2
2026-02-02T11:44:36.834931,1770032676834,0.970000,0.980000,0.975000,0.020000,0.030000,0.025000,23.2
2026-02-02T11:44:37.835180,1770032677835,0.970000,0.980000,0.975000,0.020000,0.030000,0.025000,22.2
2026-02-02T11:44:38.835496,1770032678835,0.980000,0.990000,0.985000,0.010000,0.030000,0.020000,21.2
2026-02-02T11:44:39.835759,1770032679835,0.970000,0.990000,0.980000,0.010000,0.020000,0.015000,20.2
2026-02-02T11:44:40.836050,1770032680836,0.970000,0.980000,0.975000,0.020000,0.030000,0.025000,19.2
2026-02-02T11:44:41.836305,1770032681836,0.980000,0.990000,0.985000,0.020000,0.020000,0.020000,18.2
2026-02-02T11:44:42.836562,1770032682836,0.990000,1.000000,0.995000,0.000000,0.010000,0.005000,17.2
2026-02-02T11:44:43.836820,1770032683836,0.990000,1.000000,0.995000,0.000000,0.010000,0.005000,16.2
2026-02-02T11:44:44.837091,1770032684837,0.990000,1.000000,0.995000,0.000000,0.010000,0.005000,15.2
2026-02-02T11:44:45.837372,1770032685837,0.990000,1.000000,0.995000,0.010000,0.020000,0.015000,14.2
2026-02-02T11:44:46.837765,1770032686837,0.970000,0.980000,0.975000,0.040000,0.050000,0.045000,13.2
2026-02-02T11:44:47.838095,1770032687838,0.940000,0.950000,0.945000,0.050000,0.050000,0.050000,12.2
2026-02-02T11:44:48.838417,1770032688838,0.960000,0.970000,0.965000,0.030000,0.040000,0.035000,11.2
2026-02-02T11:44:49.838674,1770032689838,0.960000,0.970000,0.965000,0.030000,0.040000,0.035000,10.2
2026-02-02T11:44:50.838942,1770032690838,0.970000,0.980000,0.975000,0.030000,0.040000,0.035000,9.2
2026-02-02T11:44:51.839198,1770032691839,0.930000,0.940000,0.935000,0.030000,0.050000,0.040000,8.2
2026-02-02T11:44:52.839457,1770032692839,0.910000,0.950000,0.930000,0.080000,0.090000,0.085000,7.2
2026-02-02T11:44:53.839712,1770032693839,0.940000,0.950000,0.945000,0.050000,0.060000,0.055000,6.2
2026-02-02T11:44:54.840012,1770032694840,0.940000,0.950000,0.945000,0.050000,0.060000,0.055000,5.2
2026-02-02T11:44:55.840320,1770032695840,0.960000,0.970000,0.965000,0.030000,0.040000,0.035000,4.2
2026-02-02T11:44:56.840613,1770032696840,0.960000,0.970000,0.965000,0.020000,0.040000,0.030000,3.2
2026-02-02T11:44:57.840872,1770032697840,0.970000,0.980000,0.975000,0.020000,0.030000,0.025000,2.2
2026-02-02T11:44:58.841138,1770032698841,0.990000,1.000000,0.995000,0.000000,0.010000,0.005000,1.2
2026-02-02T11:44:59.841427,1770032699841,0.990000,1.000000,0.995000,0.000000,0.010000,0.005000,0.2
